-- Generated by Craft v2.6.2962 on Feb 26, 2017, 6:07:43 PM.

--
-- Disable foreign key checks and autocommit.
--

SET FOREIGN_KEY_CHECKS = 0;
SET SQL_MODE = "NO_AUTO_VALUE_ON_ZERO";
SET AUTOCOMMIT = 0;
SET NAMES utf8;


DROP TABLE IF EXISTS `02fis_assetfiles`;


--
-- Schema for table `02fis_assetfiles`
--
CREATE TABLE `02fis_assetfiles` (
  `id` int(11) NOT NULL,
  `sourceId` int(11) DEFAULT NULL,
  `folderId` int(11) NOT NULL,
  `filename` varchar(255) COLLATE utf8_unicode_ci NOT NULL,
  `kind` varchar(50) COLLATE utf8_unicode_ci NOT NULL DEFAULT 'unknown',
  `width` int(11) unsigned DEFAULT NULL,
  `height` int(11) unsigned DEFAULT NULL,
  `size` bigint(20) unsigned DEFAULT NULL,
  `dateModified` datetime DEFAULT NULL,
  `dateCreated` datetime NOT NULL,
  `dateUpdated` datetime NOT NULL,
  `uid` char(36) COLLATE utf8_unicode_ci NOT NULL DEFAULT '0',
  PRIMARY KEY (`id`),
  UNIQUE KEY `02fis_assetfiles_filename_folderId_unq_idx` (`filename`,`folderId`),
  KEY `02fis_assetfiles_sourceId_fk` (`sourceId`),
  KEY `02fis_assetfiles_folderId_fk` (`folderId`)
) ENGINE=InnoDB DEFAULT CHARSET=utf8 COLLATE=utf8_unicode_ci;

DROP TABLE IF EXISTS `02fis_assetfolders`;


--
-- Schema for table `02fis_assetfolders`
--
CREATE TABLE `02fis_assetfolders` (
  `id` int(11) NOT NULL AUTO_INCREMENT,
  `parentId` int(11) DEFAULT NULL,
  `sourceId` int(11) DEFAULT NULL,
  `name` varchar(255) COLLATE utf8_unicode_ci NOT NULL,
  `path` varchar(255) COLLATE utf8_unicode_ci DEFAULT NULL,
  `dateCreated` datetime NOT NULL,
  `dateUpdated` datetime NOT NULL,
  `uid` char(36) COLLATE utf8_unicode_ci NOT NULL DEFAULT '0',
  PRIMARY KEY (`id`),
  UNIQUE KEY `02fis_assetfolders_name_parentId_sourceId_unq_idx` (`name`,`parentId`,`sourceId`),
  KEY `02fis_assetfolders_parentId_fk` (`parentId`),
  KEY `02fis_assetfolders_sourceId_fk` (`sourceId`)
) ENGINE=InnoDB DEFAULT CHARSET=utf8 COLLATE=utf8_unicode_ci;

DROP TABLE IF EXISTS `02fis_assetindexdata`;


--
-- Schema for table `02fis_assetindexdata`
--
CREATE TABLE `02fis_assetindexdata` (
  `id` int(11) NOT NULL AUTO_INCREMENT,
  `sessionId` varchar(36) COLLATE utf8_unicode_ci NOT NULL DEFAULT '',
  `sourceId` int(10) NOT NULL,
  `offset` int(10) NOT NULL,
  `uri` varchar(255) COLLATE utf8_unicode_ci DEFAULT NULL,
  `size` varchar(255) COLLATE utf8_unicode_ci DEFAULT NULL,
  `recordId` int(10) DEFAULT NULL,
  `dateCreated` datetime NOT NULL,
  `dateUpdated` datetime NOT NULL,
  `uid` char(36) COLLATE utf8_unicode_ci NOT NULL DEFAULT '0',
  PRIMARY KEY (`id`),
  UNIQUE KEY `02fis_assetindexdata_sessionId_sourceId_offset_unq_idx` (`sessionId`,`sourceId`,`offset`),
  KEY `02fis_assetindexdata_sourceId_fk` (`sourceId`)
) ENGINE=InnoDB DEFAULT CHARSET=utf8 COLLATE=utf8_unicode_ci;

DROP TABLE IF EXISTS `02fis_assetsources`;


--
-- Schema for table `02fis_assetsources`
--
CREATE TABLE `02fis_assetsources` (
  `id` int(11) NOT NULL AUTO_INCREMENT,
  `name` varchar(255) COLLATE utf8_unicode_ci NOT NULL,
  `handle` varchar(255) COLLATE utf8_unicode_ci NOT NULL,
  `type` varchar(150) COLLATE utf8_unicode_ci NOT NULL,
  `settings` text COLLATE utf8_unicode_ci,
  `sortOrder` smallint(6) unsigned DEFAULT NULL,
  `fieldLayoutId` int(10) DEFAULT NULL,
  `dateCreated` datetime NOT NULL,
  `dateUpdated` datetime NOT NULL,
  `uid` char(36) COLLATE utf8_unicode_ci NOT NULL DEFAULT '0',
  PRIMARY KEY (`id`),
  UNIQUE KEY `02fis_assetsources_name_unq_idx` (`name`),
  UNIQUE KEY `02fis_assetsources_handle_unq_idx` (`handle`),
  KEY `02fis_assetsources_fieldLayoutId_fk` (`fieldLayoutId`)
) ENGINE=InnoDB DEFAULT CHARSET=utf8 COLLATE=utf8_unicode_ci;

DROP TABLE IF EXISTS `02fis_assettransformindex`;


--
-- Schema for table `02fis_assettransformindex`
--
CREATE TABLE `02fis_assettransformindex` (
  `id` int(11) NOT NULL AUTO_INCREMENT,
  `fileId` int(11) NOT NULL,
  `filename` varchar(255) COLLATE utf8_unicode_ci DEFAULT NULL,
  `format` varchar(255) COLLATE utf8_unicode_ci DEFAULT NULL,
  `location` varchar(255) COLLATE utf8_unicode_ci NOT NULL,
  `sourceId` int(11) DEFAULT NULL,
  `fileExists` tinyint(1) DEFAULT NULL,
  `inProgress` tinyint(1) DEFAULT NULL,
  `dateIndexed` datetime DEFAULT NULL,
  `dateCreated` datetime NOT NULL,
  `dateUpdated` datetime NOT NULL,
  `uid` char(36) COLLATE utf8_unicode_ci NOT NULL DEFAULT '0',
  PRIMARY KEY (`id`),
  KEY `02fis_assettransformindex_sourceId_fileId_location_idx` (`sourceId`,`fileId`,`location`)
) ENGINE=InnoDB DEFAULT CHARSET=utf8 COLLATE=utf8_unicode_ci;

DROP TABLE IF EXISTS `02fis_assettransforms`;


--
-- Schema for table `02fis_assettransforms`
--
CREATE TABLE `02fis_assettransforms` (
  `id` int(11) NOT NULL AUTO_INCREMENT,
  `name` varchar(255) COLLATE utf8_unicode_ci NOT NULL,
  `handle` varchar(255) COLLATE utf8_unicode_ci NOT NULL,
  `mode` enum('stretch','fit','crop') COLLATE utf8_unicode_ci NOT NULL DEFAULT 'crop',
  `position` enum('top-left','top-center','top-right','center-left','center-center','center-right','bottom-left','bottom-center','bottom-right') COLLATE utf8_unicode_ci NOT NULL DEFAULT 'center-center',
  `height` int(10) DEFAULT NULL,
  `width` int(10) DEFAULT NULL,
  `format` varchar(255) COLLATE utf8_unicode_ci DEFAULT NULL,
  `quality` int(10) DEFAULT NULL,
  `dimensionChangeTime` datetime DEFAULT NULL,
  `dateCreated` datetime NOT NULL,
  `dateUpdated` datetime NOT NULL,
  `uid` char(36) COLLATE utf8_unicode_ci NOT NULL DEFAULT '0',
  PRIMARY KEY (`id`),
  UNIQUE KEY `02fis_assettransforms_name_unq_idx` (`name`),
  UNIQUE KEY `02fis_assettransforms_handle_unq_idx` (`handle`)
) ENGINE=InnoDB DEFAULT CHARSET=utf8 COLLATE=utf8_unicode_ci;

DROP TABLE IF EXISTS `02fis_categories`;


--
-- Schema for table `02fis_categories`
--
CREATE TABLE `02fis_categories` (
  `id` int(11) NOT NULL,
  `groupId` int(11) NOT NULL,
  `dateCreated` datetime NOT NULL,
  `dateUpdated` datetime NOT NULL,
  `uid` char(36) COLLATE utf8_unicode_ci NOT NULL DEFAULT '0',
  PRIMARY KEY (`id`),
  KEY `02fis_categories_groupId_fk` (`groupId`)
) ENGINE=InnoDB DEFAULT CHARSET=utf8 COLLATE=utf8_unicode_ci;

DROP TABLE IF EXISTS `02fis_categorygroups`;


--
-- Schema for table `02fis_categorygroups`
--
CREATE TABLE `02fis_categorygroups` (
  `id` int(11) NOT NULL AUTO_INCREMENT,
  `structureId` int(11) NOT NULL,
  `fieldLayoutId` int(11) DEFAULT NULL,
  `name` varchar(255) COLLATE utf8_unicode_ci NOT NULL,
  `handle` varchar(255) COLLATE utf8_unicode_ci NOT NULL,
  `hasUrls` tinyint(1) unsigned NOT NULL DEFAULT '1',
  `template` varchar(500) COLLATE utf8_unicode_ci DEFAULT NULL,
  `dateCreated` datetime NOT NULL,
  `dateUpdated` datetime NOT NULL,
  `uid` char(36) COLLATE utf8_unicode_ci NOT NULL DEFAULT '0',
  PRIMARY KEY (`id`),
  UNIQUE KEY `02fis_categorygroups_name_unq_idx` (`name`),
  UNIQUE KEY `02fis_categorygroups_handle_unq_idx` (`handle`),
  KEY `02fis_categorygroups_structureId_fk` (`structureId`),
  KEY `02fis_categorygroups_fieldLayoutId_fk` (`fieldLayoutId`)
) ENGINE=InnoDB DEFAULT CHARSET=utf8 COLLATE=utf8_unicode_ci;

DROP TABLE IF EXISTS `02fis_categorygroups_i18n`;


--
-- Schema for table `02fis_categorygroups_i18n`
--
CREATE TABLE `02fis_categorygroups_i18n` (
  `id` int(11) NOT NULL AUTO_INCREMENT,
  `groupId` int(11) NOT NULL,
  `locale` char(12) COLLATE utf8_unicode_ci NOT NULL,
  `urlFormat` text COLLATE utf8_unicode_ci,
  `nestedUrlFormat` text COLLATE utf8_unicode_ci,
  `dateCreated` datetime NOT NULL,
  `dateUpdated` datetime NOT NULL,
  `uid` char(36) COLLATE utf8_unicode_ci NOT NULL DEFAULT '0',
  PRIMARY KEY (`id`),
  UNIQUE KEY `02fis_categorygroups_i18n_groupId_locale_unq_idx` (`groupId`,`locale`),
  KEY `02fis_categorygroups_i18n_locale_fk` (`locale`)
) ENGINE=InnoDB DEFAULT CHARSET=utf8 COLLATE=utf8_unicode_ci;

DROP TABLE IF EXISTS `02fis_commerce_addresses`;


--
-- Schema for table `02fis_commerce_addresses`
--
CREATE TABLE `02fis_commerce_addresses` (
  `id` int(11) NOT NULL AUTO_INCREMENT,
  `attention` varchar(255) COLLATE utf8_unicode_ci DEFAULT NULL,
  `title` varchar(255) COLLATE utf8_unicode_ci DEFAULT NULL,
  `firstName` varchar(255) COLLATE utf8_unicode_ci NOT NULL,
  `lastName` varchar(255) COLLATE utf8_unicode_ci NOT NULL,
  `countryId` int(10) DEFAULT NULL,
  `stateId` int(10) DEFAULT NULL,
  `address1` varchar(255) COLLATE utf8_unicode_ci DEFAULT NULL,
  `address2` varchar(255) COLLATE utf8_unicode_ci DEFAULT NULL,
  `city` varchar(255) COLLATE utf8_unicode_ci DEFAULT NULL,
  `zipCode` varchar(255) COLLATE utf8_unicode_ci DEFAULT NULL,
  `phone` varchar(255) COLLATE utf8_unicode_ci DEFAULT NULL,
  `alternativePhone` varchar(255) COLLATE utf8_unicode_ci DEFAULT NULL,
  `businessName` varchar(255) COLLATE utf8_unicode_ci DEFAULT NULL,
  `businessTaxId` varchar(255) COLLATE utf8_unicode_ci DEFAULT NULL,
  `businessId` varchar(255) COLLATE utf8_unicode_ci DEFAULT NULL,
  `stateName` varchar(255) COLLATE utf8_unicode_ci DEFAULT NULL,
  `dateCreated` datetime NOT NULL,
  `dateUpdated` datetime NOT NULL,
  `uid` char(36) COLLATE utf8_unicode_ci NOT NULL DEFAULT '0',
  PRIMARY KEY (`id`),
  KEY `02fis_commerce_addresses_countryId_fk` (`countryId`),
  KEY `02fis_commerce_addresses_stateId_fk` (`stateId`)
) ENGINE=InnoDB DEFAULT CHARSET=utf8 COLLATE=utf8_unicode_ci;

DROP TABLE IF EXISTS `02fis_commerce_countries`;


--
-- Schema for table `02fis_commerce_countries`
--
CREATE TABLE `02fis_commerce_countries` (
  `id` int(11) NOT NULL AUTO_INCREMENT,
  `name` varchar(255) COLLATE utf8_unicode_ci NOT NULL,
  `iso` varchar(2) COLLATE utf8_unicode_ci NOT NULL,
  `stateRequired` tinyint(1) unsigned NOT NULL DEFAULT '0',
  `dateCreated` datetime NOT NULL,
  `dateUpdated` datetime NOT NULL,
  `uid` char(36) COLLATE utf8_unicode_ci NOT NULL DEFAULT '0',
  PRIMARY KEY (`id`),
  UNIQUE KEY `02fis_commerce_countries_name_unq_idx` (`name`),
  UNIQUE KEY `02fis_commerce_countries_iso_unq_idx` (`iso`)
) ENGINE=InnoDB AUTO_INCREMENT=250 DEFAULT CHARSET=utf8 COLLATE=utf8_unicode_ci;

--
-- Data for table `02fis_commerce_countries`
--

INSERT INTO `02fis_commerce_countries` (`id`, `name`, `iso`, `stateRequired`, `dateCreated`, `dateUpdated`, `uid`) VALUES
 ('1', 'Andorra', 'AD', '0', '2017-02-23 00:51:19', '2017-02-23 00:51:19', '042882da-aac4-43aa-9d98-802a4eac1aef'),
 ('2', 'United Arab Emirates', 'AE', '0', '2017-02-23 00:51:19', '2017-02-23 00:51:19', '53c014b7-416b-4c2c-8fc9-0aad1e5e13a8'),
 ('3', 'Afghanistan', 'AF', '0', '2017-02-23 00:51:19', '2017-02-23 00:51:19', '97a9217c-da50-4e67-9102-c0fdc39fa9ed'),
 ('4', 'Antigua and Barbuda', 'AG', '0', '2017-02-23 00:51:19', '2017-02-23 00:51:19', '26d2ae38-233e-4907-8619-94a0bbe1ebb6'),
 ('5', 'Anguilla', 'AI', '0', '2017-02-23 00:51:19', '2017-02-23 00:51:19', 'f9a6ad63-e767-4fb2-bb3c-ac5bec6d2e02'),
 ('6', 'Albania', 'AL', '0', '2017-02-23 00:51:19', '2017-02-23 00:51:19', 'fb8bbcc9-a818-429f-a9e6-c212941942ed'),
 ('7', 'Armenia', 'AM', '0', '2017-02-23 00:51:19', '2017-02-23 00:51:19', '29b568d9-b5b3-42b3-8d0c-4af4af338bcf'),
 ('8', 'Angola', 'AO', '0', '2017-02-23 00:51:19', '2017-02-23 00:51:19', '562e8ee0-d61d-4292-96b5-9ff9e9245133'),
 ('9', 'Antarctica', 'AQ', '0', '2017-02-23 00:51:19', '2017-02-23 00:51:19', 'd77d33cd-cba6-43c3-ae65-818b4d3f0b30'),
 ('10', 'Argentina', 'AR', '0', '2017-02-23 00:51:19', '2017-02-23 00:51:19', 'e9ebe785-ae6f-40a8-97c5-8a84a3f69f01'),
 ('11', 'American Samoa', 'AS', '0', '2017-02-23 00:51:19', '2017-02-23 00:51:19', '6d3382f9-f38d-45e0-b627-5d6ed4508fa8'),
 ('12', 'Austria', 'AT', '0', '2017-02-23 00:51:19', '2017-02-23 00:51:19', '68afa916-7e15-4f6c-a32d-31546b59f671'),
 ('13', 'Australia', 'AU', '0', '2017-02-23 00:51:19', '2017-02-23 00:51:19', 'd3dfcb0b-2f43-4690-aecf-50340d35ec69'),
 ('14', 'Aruba', 'AW', '0', '2017-02-23 00:51:19', '2017-02-23 00:51:19', '80fc66f9-9da9-4ae0-b06f-285fb1746eaa'),
 ('15', 'Aland Islands', 'AX', '0', '2017-02-23 00:51:19', '2017-02-23 00:51:19', 'f39e4033-f00c-4967-ac7b-7ea7ee1f8c97'),
 ('16', 'Azerbaijan', 'AZ', '0', '2017-02-23 00:51:19', '2017-02-23 00:51:19', '5acef44d-0137-45d3-92f1-2b5b01e8da97'),
 ('17', 'Bosnia and Herzegovina', 'BA', '0', '2017-02-23 00:51:19', '2017-02-23 00:51:19', '4b7c9919-cf63-4edd-b4ad-003933c8d2cd'),
 ('18', 'Barbados', 'BB', '0', '2017-02-23 00:51:19', '2017-02-23 00:51:19', 'cbdc8b5d-9613-4d96-a2cf-f46058b53347'),
 ('19', 'Bangladesh', 'BD', '0', '2017-02-23 00:51:19', '2017-02-23 00:51:19', '7b3abc84-f1a7-4462-95dd-c0ce019be083'),
 ('20', 'Belgium', 'BE', '0', '2017-02-23 00:51:19', '2017-02-23 00:51:19', '1eb3cc66-9303-4540-b0f2-e599f0ca8e60'),
 ('21', 'Burkina Faso', 'BF', '0', '2017-02-23 00:51:19', '2017-02-23 00:51:19', 'c3988811-7d68-46e0-8c6a-1577ea10008f'),
 ('22', 'Bulgaria', 'BG', '0', '2017-02-23 00:51:19', '2017-02-23 00:51:19', '3e04bf59-c934-42fb-a536-3e180c6f9713'),
 ('23', 'Bahrain', 'BH', '0', '2017-02-23 00:51:19', '2017-02-23 00:51:19', '1ba8df2b-9fe5-4b2c-8d7c-04b188ce79d7'),
 ('24', 'Burundi', 'BI', '0', '2017-02-23 00:51:19', '2017-02-23 00:51:19', 'ca8612e1-9fc4-4de3-8596-a1d9f2b8bac1'),
 ('25', 'Benin', 'BJ', '0', '2017-02-23 00:51:19', '2017-02-23 00:51:19', '7746f1e4-5f5a-4934-aa6b-3cfe3b51fd6e'),
 ('26', 'Saint Barthelemy', 'BL', '0', '2017-02-23 00:51:19', '2017-02-23 00:51:19', 'cfea775b-25a6-4d57-a7c8-12aa48c6d5a1'),
 ('27', 'Bermuda', 'BM', '0', '2017-02-23 00:51:19', '2017-02-23 00:51:19', '3b23393e-07aa-481f-ad6c-9f02db924365'),
 ('28', 'Brunei Darussalam', 'BN', '0', '2017-02-23 00:51:19', '2017-02-23 00:51:19', 'ab8a07eb-8887-4166-ad7b-ede0e48d6632'),
 ('29', 'Bolivia', 'BO', '0', '2017-02-23 00:51:19', '2017-02-23 00:51:19', 'cce46e34-289a-4a84-978d-2d5886bffeff'),
 ('30', 'Bonaire, Sint Eustatius and Saba', 'BQ', '0', '2017-02-23 00:51:19', '2017-02-23 00:51:19', '8c80a1da-136b-4694-809f-af2e364b4619'),
 ('31', 'Brazil', 'BR', '0', '2017-02-23 00:51:19', '2017-02-23 00:51:19', '4aa580ce-7832-42c9-a600-1dca7e9c26d5'),
 ('32', 'Bahamas', 'BS', '0', '2017-02-23 00:51:19', '2017-02-23 00:51:19', '4070ba7f-b600-4456-a668-30b6b47c910d'),
 ('33', 'Bhutan', 'BT', '0', '2017-02-23 00:51:19', '2017-02-23 00:51:19', '592cf261-d31f-4d9b-ba58-93e5390afef8'),
 ('34', 'Bouvet Island', 'BV', '0', '2017-02-23 00:51:19', '2017-02-23 00:51:19', '8c84d7e8-e5ac-4561-8e0a-36b530679a50'),
 ('35', 'Botswana', 'BW', '0', '2017-02-23 00:51:19', '2017-02-23 00:51:19', 'dfe28c79-18fd-469f-8948-cd5af826cbfc'),
 ('36', 'Belarus', 'BY', '0', '2017-02-23 00:51:19', '2017-02-23 00:51:19', 'df0780e2-e583-4764-a9c4-39e44effa36c'),
 ('37', 'Belize', 'BZ', '0', '2017-02-23 00:51:19', '2017-02-23 00:51:19', 'cb5902b7-a202-4808-b5c8-055e70ba7c9f'),
 ('38', 'Canada', 'CA', '0', '2017-02-23 00:51:19', '2017-02-23 00:51:19', '68f6e5e1-e761-49dd-870b-2cdbba4b36f1'),
 ('39', 'Cocos (Keeling) Islands', 'CC', '0', '2017-02-23 00:51:19', '2017-02-23 00:51:19', '0fc861c3-e5af-42f5-ba43-24d08f421d18'),
 ('40', 'Democratic Republic of Congo', 'CD', '0', '2017-02-23 00:51:19', '2017-02-23 00:51:19', 'c798ad37-9806-410f-a59a-683c44bdadcf'),
 ('41', 'Central African Republic', 'CF', '0', '2017-02-23 00:51:19', '2017-02-23 00:51:19', 'b727e6bf-92a7-4208-a6e6-a6a6e5afe927'),
 ('42', 'Congo', 'CG', '0', '2017-02-23 00:51:19', '2017-02-23 00:51:19', '712cc5d6-950d-4933-915b-797c7d6f26af'),
 ('43', 'Switzerland', 'CH', '0', '2017-02-23 00:51:19', '2017-02-23 00:51:19', '0da828a6-edfe-49d5-adb5-be8ce856569b'),
 ('44', 'Ivory Coast', 'CI', '0', '2017-02-23 00:51:19', '2017-02-23 00:51:19', '2e9b8c92-9164-402c-a5bf-97d454a1ac13'),
 ('45', 'Cook Islands', 'CK', '0', '2017-02-23 00:51:19', '2017-02-23 00:51:19', '66bd5bb5-b9ff-4176-8b70-0ed291beb116'),
 ('46', 'Chile', 'CL', '0', '2017-02-23 00:51:19', '2017-02-23 00:51:19', '1843043d-9c7a-4623-9e31-c1769aca125a'),
 ('47', 'Cameroon', 'CM', '0', '2017-02-23 00:51:19', '2017-02-23 00:51:19', '94cb6595-34e9-454c-a184-3d403c3377bc'),
 ('48', 'China', 'CN', '0', '2017-02-23 00:51:19', '2017-02-23 00:51:19', '5784aef1-e3db-46c8-90a9-14ec380c4c1f'),
 ('49', 'Colombia', 'CO', '0', '2017-02-23 00:51:19', '2017-02-23 00:51:19', '6d5ce835-98cc-4799-8209-6d022526347b'),
 ('50', 'Costa Rica', 'CR', '0', '2017-02-23 00:51:19', '2017-02-23 00:51:19', '76acd77f-9da6-4f40-9f6a-1cf1ee4bf1e6'),
 ('51', 'Cuba', 'CU', '0', '2017-02-23 00:51:19', '2017-02-23 00:51:19', 'ed233ad0-53ef-4ffb-9638-2563aaaffe07'),
 ('52', 'Cape Verde', 'CV', '0', '2017-02-23 00:51:19', '2017-02-23 00:51:19', '5921d5c0-fa2f-45d1-9535-63fef0fd18d7'),
 ('53', 'Curacao', 'CW', '0', '2017-02-23 00:51:19', '2017-02-23 00:51:19', '1ad19ef7-cb19-431b-a547-4f15a2084beb'),
 ('54', 'Christmas Island', 'CX', '0', '2017-02-23 00:51:19', '2017-02-23 00:51:19', 'a1378a1f-e091-4423-ab93-0a41096b860f'),
 ('55', 'Cyprus', 'CY', '0', '2017-02-23 00:51:19', '2017-02-23 00:51:19', 'c1206cfe-88c9-42d6-a216-30d1e41df5cb'),
 ('56', 'Czech Republic', 'CZ', '0', '2017-02-23 00:51:19', '2017-02-23 00:51:19', '86f9ad7d-4608-470a-b767-816af4f6dd0f'),
 ('57', 'Germany', 'DE', '0', '2017-02-23 00:51:19', '2017-02-23 00:51:19', 'f8101c75-3778-45bd-b6e4-152704cec5e0'),
 ('58', 'Djibouti', 'DJ', '0', '2017-02-23 00:51:19', '2017-02-23 00:51:19', '8a4c4516-e50e-479b-b025-eee9969e03b1'),
 ('59', 'Denmark', 'DK', '0', '2017-02-23 00:51:19', '2017-02-23 00:51:19', 'd7ecac1b-2d87-4567-a850-e4abccdfcc76'),
 ('60', 'Dominica', 'DM', '0', '2017-02-23 00:51:19', '2017-02-23 00:51:19', '6d24b2d0-5fd1-44d9-9cb9-8a879a313bd7'),
 ('61', 'Dominican Republic', 'DO', '0', '2017-02-23 00:51:19', '2017-02-23 00:51:19', '7041c3a4-a43e-400b-a90f-4d49c04b19ee'),
 ('62', 'Algeria', 'DZ', '0', '2017-02-23 00:51:19', '2017-02-23 00:51:19', '107d873c-dd20-4c0d-abab-f2711035a62b'),
 ('63', 'Ecuador', 'EC', '0', '2017-02-23 00:51:19', '2017-02-23 00:51:19', '9dc8094e-5978-46cd-9591-85c3329d635f'),
 ('64', 'Estonia', 'EE', '0', '2017-02-23 00:51:19', '2017-02-23 00:51:19', 'fb081ae0-441a-4ab0-a8aa-3dd009f47fc7'),
 ('65', 'Egypt', 'EG', '0', '2017-02-23 00:51:19', '2017-02-23 00:51:19', 'ff323255-f830-47ad-8376-be128729cc6e'),
 ('66', 'Western Sahara', 'EH', '0', '2017-02-23 00:51:19', '2017-02-23 00:51:19', '0de8f120-8557-4035-9d81-02c61ac5eba2'),
 ('67', 'Eritrea', 'ER', '0', '2017-02-23 00:51:19', '2017-02-23 00:51:19', '240b8415-bdf8-44a5-913b-0ecac9452527'),
 ('68', 'Spain', 'ES', '0', '2017-02-23 00:51:19', '2017-02-23 00:51:19', '295f0843-e6d9-4d67-865c-1f47de3a7ca9'),
 ('69', 'Ethiopia', 'ET', '0', '2017-02-23 00:51:19', '2017-02-23 00:51:19', '03f93d79-ec6a-4c7d-877b-a93e2770484a'),
 ('70', 'Finland', 'FI', '0', '2017-02-23 00:51:19', '2017-02-23 00:51:19', '206f86b2-6df6-496f-a8a4-b872e4e7796c'),
 ('71', 'Fiji', 'FJ', '0', '2017-02-23 00:51:19', '2017-02-23 00:51:19', 'a1838557-d169-40cb-a32f-a533e46c3f52'),
 ('72', 'Falkland Islands (Malvinas)', 'FK', '0', '2017-02-23 00:51:19', '2017-02-23 00:51:19', 'a36d6281-1060-4dfd-b33b-719741ae586b'),
 ('73', 'Micronesia', 'FM', '0', '2017-02-23 00:51:19', '2017-02-23 00:51:19', 'bd4e159c-3e05-4ed5-9d2b-9baab7154ab5'),
 ('74', 'Faroe Islands', 'FO', '0', '2017-02-23 00:51:19', '2017-02-23 00:51:19', '5a9807e9-b6c2-4110-846b-b19018d46f52'),
 ('75', 'France', 'FR', '0', '2017-02-23 00:51:19', '2017-02-23 00:51:19', 'a186b3bc-960c-4d6f-8034-119699808227'),
 ('76', 'Gabon', 'GA', '0', '2017-02-23 00:51:19', '2017-02-23 00:51:19', '09418e5d-6fcf-4d6c-88ba-5406e8f14769'),
 ('77', 'United Kingdom', 'GB', '0', '2017-02-23 00:51:19', '2017-02-23 00:51:19', '9c385398-c3b4-4e8d-bd33-fbae4a01bb85'),
 ('78', 'Grenada', 'GD', '0', '2017-02-23 00:51:19', '2017-02-23 00:51:19', 'bf2ff427-a25a-4806-b7c0-e81f58c5c0bd'),
 ('79', 'Georgia', 'GE', '0', '2017-02-23 00:51:19', '2017-02-23 00:51:19', '85b89b1a-754c-418a-9ac5-07ba5b698149'),
 ('80', 'French Guiana', 'GF', '0', '2017-02-23 00:51:19', '2017-02-23 00:51:19', '9855f5f3-6b6a-418c-b5d2-0b771b025f38'),
 ('81', 'Guernsey', 'GG', '0', '2017-02-23 00:51:19', '2017-02-23 00:51:19', 'b65c8dd3-f28a-4f43-beb2-334290c8edfa'),
 ('82', 'Ghana', 'GH', '0', '2017-02-23 00:51:19', '2017-02-23 00:51:19', '9392ca6e-846f-426f-be41-4b07d5c8551b'),
 ('83', 'Gibraltar', 'GI', '0', '2017-02-23 00:51:19', '2017-02-23 00:51:19', '817993e7-f1e9-4622-b79c-e65afcf5aa44'),
 ('84', 'Greenland', 'GL', '0', '2017-02-23 00:51:19', '2017-02-23 00:51:19', '9b2c45eb-afec-4959-8f5f-747988ba105f'),
 ('85', 'Gambia', 'GM', '0', '2017-02-23 00:51:19', '2017-02-23 00:51:19', '41ebf811-fee0-4a5a-92b6-60028e3c7758'),
 ('86', 'Guinea', 'GN', '0', '2017-02-23 00:51:19', '2017-02-23 00:51:19', 'ec4966ef-49e9-451e-9759-77f491cddfb7'),
 ('87', 'Guadeloupe', 'GP', '0', '2017-02-23 00:51:19', '2017-02-23 00:51:19', '84c74efe-ab6c-46f5-a60f-e8ad28d7503d'),
 ('88', 'Equatorial Guinea', 'GQ', '0', '2017-02-23 00:51:19', '2017-02-23 00:51:19', '6c84571f-e86e-4263-b570-e254838c65bd'),
 ('89', 'Greece', 'GR', '0', '2017-02-23 00:51:19', '2017-02-23 00:51:19', 'e33062a5-0d1d-4e26-bc01-b40cee85d979'),
 ('90', 'S. Georgia and S. Sandwich Isls.', 'GS', '0', '2017-02-23 00:51:19', '2017-02-23 00:51:19', '4ee15f75-be82-4799-bc18-ae408433eb74'),
 ('91', 'Guatemala', 'GT', '0', '2017-02-23 00:51:19', '2017-02-23 00:51:19', '13355f89-04b5-4359-9d30-b62a92b3d092'),
 ('92', 'Guam', 'GU', '0', '2017-02-23 00:51:19', '2017-02-23 00:51:19', 'e801f022-9072-4e4d-a94b-d30dc356d363'),
 ('93', 'Guinea-Bissau', 'GW', '0', '2017-02-23 00:51:19', '2017-02-23 00:51:19', '1ed3e5d5-04d4-4c1c-948b-b680d02675a1'),
 ('94', 'Guyana', 'GY', '0', '2017-02-23 00:51:19', '2017-02-23 00:51:19', '60cb61bd-aa62-4080-9b79-6ea933ebc2aa'),
 ('95', 'Hong Kong', 'HK', '0', '2017-02-23 00:51:19', '2017-02-23 00:51:19', 'a0489887-1b3d-4ed2-ade9-a8475375c661'),
 ('96', 'Heard and McDonald Islands', 'HM', '0', '2017-02-23 00:51:19', '2017-02-23 00:51:19', '30dff301-e7a9-4b0e-8391-05079e39c823'),
 ('97', 'Honduras', 'HN', '0', '2017-02-23 00:51:19', '2017-02-23 00:51:19', '65eb5a85-dc77-498a-8b4f-0e1897f795d5'),
 ('98', 'Croatia (Hrvatska)', 'HR', '0', '2017-02-23 00:51:19', '2017-02-23 00:51:19', '19496447-b089-4de9-895c-ded99379ec0a'),
 ('99', 'Haiti', 'HT', '0', '2017-02-23 00:51:19', '2017-02-23 00:51:19', 'b2a43b31-c5dd-4fb8-8220-549a0d3dc5e6'),
 ('100', 'Hungary', 'HU', '0', '2017-02-23 00:51:19', '2017-02-23 00:51:19', 'd463c2b6-ad4d-450f-ac13-a1b9cae8b228');
INSERT INTO `02fis_commerce_countries` (`id`, `name`, `iso`, `stateRequired`, `dateCreated`, `dateUpdated`, `uid`) VALUES
 ('101', 'Indonesia', 'ID', '0', '2017-02-23 00:51:19', '2017-02-23 00:51:19', '5cf11417-7a98-4f40-a0a7-3fdc838341c6'),
 ('102', 'Ireland', 'IE', '0', '2017-02-23 00:51:19', '2017-02-23 00:51:19', '8c079f9f-f3d5-4fe5-82f0-bec3a2f0c706'),
 ('103', 'Israel', 'IL', '0', '2017-02-23 00:51:19', '2017-02-23 00:51:19', '3b0252bf-07f4-4148-821b-c79bbc001d91'),
 ('104', 'Isle Of Man', 'IM', '0', '2017-02-23 00:51:19', '2017-02-23 00:51:19', '09222fde-d313-4fa2-8e87-83eb2502a06e'),
 ('105', 'India', 'IN', '0', '2017-02-23 00:51:19', '2017-02-23 00:51:19', '7671dc0d-dfe6-40b2-9670-412d37f21a44'),
 ('106', 'British Indian Ocean Territory', 'IO', '0', '2017-02-23 00:51:19', '2017-02-23 00:51:19', 'ca27af8b-f94d-400a-923b-6e13467de88a'),
 ('107', 'Iraq', 'IQ', '0', '2017-02-23 00:51:19', '2017-02-23 00:51:19', 'fad7843d-6c02-4b3a-a81c-8436f8ef138a'),
 ('108', 'Iran', 'IR', '0', '2017-02-23 00:51:19', '2017-02-23 00:51:19', '7c4ea98c-d9d2-438f-a266-26ec4545d8c9'),
 ('109', 'Iceland', 'IS', '0', '2017-02-23 00:51:19', '2017-02-23 00:51:19', '461fc283-bc95-45a6-ab81-d81423bb7b77'),
 ('110', 'Italy', 'IT', '0', '2017-02-23 00:51:19', '2017-02-23 00:51:19', '3885d31f-7f6e-4c8e-ab7e-42275bbee43f'),
 ('111', 'Jersey', 'JE', '0', '2017-02-23 00:51:19', '2017-02-23 00:51:19', 'e91b0dfc-bb92-458a-bdf7-a7a3534c8ab1'),
 ('112', 'Jamaica', 'JM', '0', '2017-02-23 00:51:19', '2017-02-23 00:51:19', '81084e8e-75ce-4771-8eb3-ac64d50ae11e'),
 ('113', 'Jordan', 'JO', '0', '2017-02-23 00:51:19', '2017-02-23 00:51:19', 'a3d7ac1e-4380-4095-9987-48b7b25964ad'),
 ('114', 'Japan', 'JP', '0', '2017-02-23 00:51:19', '2017-02-23 00:51:19', '7fb0d15b-388a-4274-93e9-bef6813e89cc'),
 ('115', 'Kenya', 'KE', '0', '2017-02-23 00:51:19', '2017-02-23 00:51:19', '831dcef8-efc2-4a43-a9e6-909c0b01f794'),
 ('116', 'Kyrgyzstan', 'KG', '0', '2017-02-23 00:51:19', '2017-02-23 00:51:19', 'e38933ae-1c64-4281-b7c2-2373e0cc53ae'),
 ('117', 'Cambodia', 'KH', '0', '2017-02-23 00:51:19', '2017-02-23 00:51:19', 'd3dc5df0-2813-4f34-b949-9be6db85d4c3'),
 ('118', 'Kiribati', 'KI', '0', '2017-02-23 00:51:19', '2017-02-23 00:51:19', 'e9c02ecf-cf9b-452a-9662-ad4e8d5abe86'),
 ('119', 'Comoros', 'KM', '0', '2017-02-23 00:51:19', '2017-02-23 00:51:19', '0d7137a2-f313-402c-84e2-9528ff154e2f'),
 ('120', 'Saint Kitts and Nevis', 'KN', '0', '2017-02-23 00:51:19', '2017-02-23 00:51:19', 'dd2d074b-bd6f-47ee-8d77-37f8ad4b35c6'),
 ('121', 'Korea (North)', 'KP', '0', '2017-02-23 00:51:19', '2017-02-23 00:51:19', 'c67aa32b-45dc-4af1-8ac1-3494cb8900f7'),
 ('122', 'Korea (South)', 'KR', '0', '2017-02-23 00:51:19', '2017-02-23 00:51:19', 'ae7e8d46-72a5-417d-a498-b08530e2b1a8'),
 ('123', 'Kuwait', 'KW', '0', '2017-02-23 00:51:19', '2017-02-23 00:51:19', '6b0405db-aec3-4165-bedc-f3b113b8eec6'),
 ('124', 'Cayman Islands', 'KY', '0', '2017-02-23 00:51:19', '2017-02-23 00:51:19', 'dc420562-580d-44ca-ac77-79d01150092a'),
 ('125', 'Kazakhstan', 'KZ', '0', '2017-02-23 00:51:19', '2017-02-23 00:51:19', '8a908361-f1c7-4e83-ab8a-ee1bcb3fb4b0'),
 ('126', 'Laos', 'LA', '0', '2017-02-23 00:51:19', '2017-02-23 00:51:19', '7e293d97-70dc-4f47-a9b0-7696f7b5363b'),
 ('127', 'Lebanon', 'LB', '0', '2017-02-23 00:51:19', '2017-02-23 00:51:19', '9a3aac6c-87a5-40d0-b28a-22c20bee5fcc'),
 ('128', 'Saint Lucia', 'LC', '0', '2017-02-23 00:51:19', '2017-02-23 00:51:19', '6b1313ec-b166-4f47-9cdb-df9e4524233a'),
 ('129', 'Liechtenstein', 'LI', '0', '2017-02-23 00:51:19', '2017-02-23 00:51:19', '06c02ce9-0af3-45ed-b4b6-94ef558f91e8'),
 ('130', 'Sri Lanka', 'LK', '0', '2017-02-23 00:51:19', '2017-02-23 00:51:19', '21c33d43-557c-4c59-973c-17ac45d58242'),
 ('131', 'Liberia', 'LR', '0', '2017-02-23 00:51:19', '2017-02-23 00:51:19', 'e2184acc-7a07-43de-ae23-a95774c5304d'),
 ('132', 'Lesotho', 'LS', '0', '2017-02-23 00:51:19', '2017-02-23 00:51:19', 'e7e10757-17e0-4be8-a369-bb00ac68aae4'),
 ('133', 'Lithuania', 'LT', '0', '2017-02-23 00:51:19', '2017-02-23 00:51:19', 'cdf93b91-fffc-4bf5-a56c-f83c232e5796'),
 ('134', 'Luxembourg', 'LU', '0', '2017-02-23 00:51:19', '2017-02-23 00:51:19', 'c2365bf1-9758-4b4e-81a2-aec68f72fc5c'),
 ('135', 'Latvia', 'LV', '0', '2017-02-23 00:51:19', '2017-02-23 00:51:19', '52f03f9c-4d74-48ca-838e-61e813cccc8d'),
 ('136', 'Libya', 'LY', '0', '2017-02-23 00:51:19', '2017-02-23 00:51:19', '98753aae-354f-4f85-83fb-375fe18a2ccf'),
 ('137', 'Morocco', 'MA', '0', '2017-02-23 00:51:19', '2017-02-23 00:51:19', '53507df0-0795-4315-a07b-aa6f6d35b650'),
 ('138', 'Monaco', 'MC', '0', '2017-02-23 00:51:19', '2017-02-23 00:51:19', '497dd10a-19ef-43d0-a5fb-01bff7df6d71'),
 ('139', 'Moldova', 'MD', '0', '2017-02-23 00:51:19', '2017-02-23 00:51:19', '9ba58a90-f1b2-4106-8d08-7593f51961b2'),
 ('140', 'Montenegro', 'ME', '0', '2017-02-23 00:51:19', '2017-02-23 00:51:19', '7a7a0c43-82d8-4eea-bc38-048ea02e4b8d'),
 ('141', 'Saint Martin (French part)', 'MF', '0', '2017-02-23 00:51:19', '2017-02-23 00:51:19', '76c8d448-be80-485c-8cc9-afefdff97861'),
 ('142', 'Madagascar', 'MG', '0', '2017-02-23 00:51:19', '2017-02-23 00:51:19', '026d2396-0fa3-453e-ae6b-03d4db42cf46'),
 ('143', 'Marshall Islands', 'MH', '0', '2017-02-23 00:51:19', '2017-02-23 00:51:19', '76ad7a94-73f6-44ce-94a5-2378dd0680e1'),
 ('144', 'Macedonia', 'MK', '0', '2017-02-23 00:51:19', '2017-02-23 00:51:19', '3ac7a0c3-d21c-4d91-be84-128847e4505e'),
 ('145', 'Mali', 'ML', '0', '2017-02-23 00:51:19', '2017-02-23 00:51:19', '08a1bbe1-edee-477c-a7e0-fd3fac31e427'),
 ('146', 'Burma (Myanmar)', 'MM', '0', '2017-02-23 00:51:19', '2017-02-23 00:51:19', '1f67aad1-7570-432f-a5e1-a91ed4fcae1c'),
 ('147', 'Mongolia', 'MN', '0', '2017-02-23 00:51:19', '2017-02-23 00:51:19', '1aac0eac-d31a-487d-a044-fadd660ee2fe'),
 ('148', 'Macau', 'MO', '0', '2017-02-23 00:51:19', '2017-02-23 00:51:19', '37c1a0de-40ff-474c-b633-b41df0035a18'),
 ('149', 'Northern Mariana Islands', 'MP', '0', '2017-02-23 00:51:19', '2017-02-23 00:51:19', '304836f0-372a-402b-bb89-011e3789b964'),
 ('150', 'Martinique', 'MQ', '0', '2017-02-23 00:51:19', '2017-02-23 00:51:19', '0c6b38c4-e11c-44d1-a4f6-25431d5d0627'),
 ('151', 'Mauritania', 'MR', '0', '2017-02-23 00:51:19', '2017-02-23 00:51:19', '75a22787-308c-4b9b-b417-88d599021aba'),
 ('152', 'Montserrat', 'MS', '0', '2017-02-23 00:51:19', '2017-02-23 00:51:19', '9a94c9df-c17c-434f-a1fe-a57f06240c26'),
 ('153', 'Malta', 'MT', '0', '2017-02-23 00:51:19', '2017-02-23 00:51:19', 'a0c6305a-36ba-4c8d-8730-57305e865112'),
 ('154', 'Mauritius', 'MU', '0', '2017-02-23 00:51:19', '2017-02-23 00:51:19', '24bf2b77-008c-4866-8d34-600e2860e654'),
 ('155', 'Maldives', 'MV', '0', '2017-02-23 00:51:19', '2017-02-23 00:51:19', '18a8d537-b8b1-4b04-b618-0f6abcb057f7'),
 ('156', 'Malawi', 'MW', '0', '2017-02-23 00:51:19', '2017-02-23 00:51:19', 'e005889a-2d61-4a6e-9086-6cb50a649286'),
 ('157', 'Mexico', 'MX', '0', '2017-02-23 00:51:19', '2017-02-23 00:51:19', 'ee6d05de-837a-444a-9aed-df849df9b86e'),
 ('158', 'Malaysia', 'MY', '0', '2017-02-23 00:51:19', '2017-02-23 00:51:19', 'dd341d98-7235-45c7-82e7-d60199869d91'),
 ('159', 'Mozambique', 'MZ', '0', '2017-02-23 00:51:19', '2017-02-23 00:51:19', '2702c44e-4b23-4f7b-85fe-268bc2f3c343'),
 ('160', 'Namibia', 'NA', '0', '2017-02-23 00:51:19', '2017-02-23 00:51:19', '37755074-5ba8-40fc-abb2-3405105f256c'),
 ('161', 'New Caledonia', 'NC', '0', '2017-02-23 00:51:19', '2017-02-23 00:51:19', '5ab109a0-6e80-40c3-89ec-af66b1b293d4'),
 ('162', 'Niger', 'NE', '0', '2017-02-23 00:51:19', '2017-02-23 00:51:19', 'c262670d-2f2e-4e69-9404-4900182e845a'),
 ('163', 'Norfolk Island', 'NF', '0', '2017-02-23 00:51:19', '2017-02-23 00:51:19', '3445945a-8f3d-486a-8dc6-8954df6c9725'),
 ('164', 'Nigeria', 'NG', '0', '2017-02-23 00:51:19', '2017-02-23 00:51:19', '6be75857-c290-42ae-9969-5cd636385ae8'),
 ('165', 'Nicaragua', 'NI', '0', '2017-02-23 00:51:19', '2017-02-23 00:51:19', '0b31ae75-df69-41f9-8b85-22102a30a7aa'),
 ('166', 'Netherlands', 'NL', '0', '2017-02-23 00:51:19', '2017-02-23 00:51:19', '79d91ca4-eea8-4980-a4d5-782f3a8ff335'),
 ('167', 'Norway', 'NO', '0', '2017-02-23 00:51:19', '2017-02-23 00:51:19', 'b7ce3b53-a082-4ccd-9481-d089c40c9c91'),
 ('168', 'Nepal', 'NP', '0', '2017-02-23 00:51:19', '2017-02-23 00:51:19', '14f11ac9-2f12-4997-a37b-523149e9e73a'),
 ('169', 'Nauru', 'NR', '0', '2017-02-23 00:51:19', '2017-02-23 00:51:19', '46a4e5de-3f24-452c-bcbd-3e353b6f449d'),
 ('170', 'Niue', 'NU', '0', '2017-02-23 00:51:19', '2017-02-23 00:51:19', '7daabddb-fab9-40b9-9144-17e61b737948'),
 ('171', 'New Zealand', 'NZ', '0', '2017-02-23 00:51:19', '2017-02-23 00:51:19', '2f6e1d57-f823-4956-b335-1ef4bf7bf4fc'),
 ('172', 'Oman', 'OM', '0', '2017-02-23 00:51:19', '2017-02-23 00:51:19', '2773d904-f3a1-4470-961a-c28b89eb98f5'),
 ('173', 'Panama', 'PA', '0', '2017-02-23 00:51:19', '2017-02-23 00:51:19', 'f8423c30-cf7a-4474-91b4-18b9faf92a98'),
 ('174', 'Peru', 'PE', '0', '2017-02-23 00:51:19', '2017-02-23 00:51:19', '8c980edb-11b0-4c79-bb80-dbf42360c9f7'),
 ('175', 'French Polynesia', 'PF', '0', '2017-02-23 00:51:19', '2017-02-23 00:51:19', '251c3cf2-113d-47a8-846a-e112181700ea'),
 ('176', 'Papua New Guinea', 'PG', '0', '2017-02-23 00:51:19', '2017-02-23 00:51:19', '7a114a92-8e9e-4604-bc42-7210c8673d1a'),
 ('177', 'Philippines', 'PH', '0', '2017-02-23 00:51:19', '2017-02-23 00:51:19', '933d5df0-70e9-4c6e-9a51-25043b2d8c22'),
 ('178', 'Pakistan', 'PK', '0', '2017-02-23 00:51:19', '2017-02-23 00:51:19', 'd304c924-b5d5-4215-8453-97ab8609db3e'),
 ('179', 'Poland', 'PL', '0', '2017-02-23 00:51:19', '2017-02-23 00:51:19', 'f2503f9f-1d44-4f6a-a271-68d7350fb9c8'),
 ('180', 'St. Pierre and Miquelon', 'PM', '0', '2017-02-23 00:51:19', '2017-02-23 00:51:19', 'c3cf61d2-dee6-438b-9791-c27b9c6ad9f2'),
 ('181', 'Pitcairn', 'PN', '0', '2017-02-23 00:51:19', '2017-02-23 00:51:19', 'db975f18-5354-4aeb-ae73-a83f2fff53cb'),
 ('182', 'Puerto Rico', 'PR', '0', '2017-02-23 00:51:19', '2017-02-23 00:51:19', '8f60914a-f80c-4c56-9065-c5dae8b3242b'),
 ('183', 'Palestinian Territory, Occupied', 'PS', '0', '2017-02-23 00:51:19', '2017-02-23 00:51:19', '8d1ceff1-d3b9-4b73-a399-6c27c2d4af98'),
 ('184', 'Portugal', 'PT', '0', '2017-02-23 00:51:19', '2017-02-23 00:51:19', '8b12e8c8-1bed-4f54-a307-e8f180104b4a'),
 ('185', 'Palau', 'PW', '0', '2017-02-23 00:51:19', '2017-02-23 00:51:19', 'f92a19f4-8941-407e-8fb9-0ba4a3cf5108'),
 ('186', 'Paraguay', 'PY', '0', '2017-02-23 00:51:19', '2017-02-23 00:51:19', '1e2b0259-e643-42c7-957f-dcf0cb494138'),
 ('187', 'Qatar', 'QA', '0', '2017-02-23 00:51:19', '2017-02-23 00:51:19', '3e7765ba-4a17-46d3-afb6-8e010650deea'),
 ('188', 'Reunion', 'RE', '0', '2017-02-23 00:51:19', '2017-02-23 00:51:19', '7a370e9d-74e6-4d2c-99ce-6d1531e1f029'),
 ('189', 'Romania', 'RO', '0', '2017-02-23 00:51:19', '2017-02-23 00:51:19', 'a4dcda07-be04-4c4d-a293-246c660b3c67'),
 ('190', 'Republic of Serbia', 'RS', '0', '2017-02-23 00:51:20', '2017-02-23 00:51:20', 'e35c2bc6-3207-46b1-ba85-493c76f043be'),
 ('191', 'Russia', 'RU', '0', '2017-02-23 00:51:20', '2017-02-23 00:51:20', 'b0e3eca1-9721-47fb-b481-b56a82dfaa27'),
 ('192', 'Rwanda', 'RW', '0', '2017-02-23 00:51:20', '2017-02-23 00:51:20', '4a3862bd-e15c-4fb2-b7c2-bd860aa7ed93'),
 ('193', 'Saudi Arabia', 'SA', '0', '2017-02-23 00:51:20', '2017-02-23 00:51:20', '6516b2fa-880d-4d48-bf94-bde222cf1aa6'),
 ('194', 'Solomon Islands', 'SB', '0', '2017-02-23 00:51:20', '2017-02-23 00:51:20', '54f1b2c9-a8a8-40af-984b-2496bc102b2c'),
 ('195', 'Seychelles', 'SC', '0', '2017-02-23 00:51:20', '2017-02-23 00:51:20', 'ce204405-3c76-40e4-812d-66d2b21ebe45'),
 ('196', 'Sudan', 'SD', '0', '2017-02-23 00:51:20', '2017-02-23 00:51:20', 'ebd2c1de-7bd5-4404-a15b-69c5c2e357cc'),
 ('197', 'Sweden', 'SE', '0', '2017-02-23 00:51:20', '2017-02-23 00:51:20', '5690bbc3-9cc2-4125-9f11-fb6be1dd4cd0'),
 ('198', 'Singapore', 'SG', '0', '2017-02-23 00:51:20', '2017-02-23 00:51:20', 'f516c02b-a85b-40c5-89b1-152b4dbf75bd'),
 ('199', 'St. Helena', 'SH', '0', '2017-02-23 00:51:20', '2017-02-23 00:51:20', 'd7b59843-aae7-4f52-b9e9-7f7f23433cf7'),
 ('200', 'Slovenia', 'SI', '0', '2017-02-23 00:51:20', '2017-02-23 00:51:20', '1e549690-52d1-4711-aa3b-44bfbce8e46c');
INSERT INTO `02fis_commerce_countries` (`id`, `name`, `iso`, `stateRequired`, `dateCreated`, `dateUpdated`, `uid`) VALUES
 ('201', 'Svalbard and Jan Mayen Islands', 'SJ', '0', '2017-02-23 00:51:20', '2017-02-23 00:51:20', '8f02ebef-128b-4d49-8bd4-2df611bea28a'),
 ('202', 'Slovak Republic', 'SK', '0', '2017-02-23 00:51:20', '2017-02-23 00:51:20', '796a3893-62af-46b8-8f10-9ff8742aac25'),
 ('203', 'Sierra Leone', 'SL', '0', '2017-02-23 00:51:20', '2017-02-23 00:51:20', 'bc224430-c33c-4a66-9add-1e8e12d7e6c2'),
 ('204', 'San Marino', 'SM', '0', '2017-02-23 00:51:20', '2017-02-23 00:51:20', '381c88af-bda4-47af-9af3-88eebc681001'),
 ('205', 'Senegal', 'SN', '0', '2017-02-23 00:51:20', '2017-02-23 00:51:20', '46748275-fcbf-4cc2-9491-81a6bef591ed'),
 ('206', 'Somalia', 'SO', '0', '2017-02-23 00:51:20', '2017-02-23 00:51:20', 'cdabcb19-3d61-4573-9e84-158687b8ec03'),
 ('207', 'Suriname', 'SR', '0', '2017-02-23 00:51:20', '2017-02-23 00:51:20', 'be98d866-04d4-43dc-8c53-ddb5859e84d1'),
 ('208', 'South Sudan', 'SS', '0', '2017-02-23 00:51:20', '2017-02-23 00:51:20', '57bfcbdb-e08c-4fc3-9b1f-d952d58fac38'),
 ('209', 'Sao Tome and Principe', 'ST', '0', '2017-02-23 00:51:20', '2017-02-23 00:51:20', '71fbbdb1-7f88-4038-be1f-9395e597321a'),
 ('210', 'El Salvador', 'SV', '0', '2017-02-23 00:51:20', '2017-02-23 00:51:20', 'd611f1ac-2992-41e0-92a1-3f0e11c607d2'),
 ('211', 'Sint Maarten (Dutch part)', 'SX', '0', '2017-02-23 00:51:20', '2017-02-23 00:51:20', '37a5f40c-a934-4f09-857a-4d8bcf254217'),
 ('212', 'Syria', 'SY', '0', '2017-02-23 00:51:20', '2017-02-23 00:51:20', 'dd58d3ce-8ae3-460b-8fd6-4201fb96ab63'),
 ('213', 'Swaziland', 'SZ', '0', '2017-02-23 00:51:20', '2017-02-23 00:51:20', '1e8e178c-1c4d-4cef-9c90-1d4b4e8ac3d0'),
 ('214', 'Turks and Caicos Islands', 'TC', '0', '2017-02-23 00:51:20', '2017-02-23 00:51:20', '652400b0-b7cf-4efb-92b5-a5e4d273735a'),
 ('215', 'Chad', 'TD', '0', '2017-02-23 00:51:20', '2017-02-23 00:51:20', '08fc3648-b5e6-4037-b1aa-f6721120d19c'),
 ('216', 'French Southern Territories', 'TF', '0', '2017-02-23 00:51:20', '2017-02-23 00:51:20', '6bcf73c9-9128-467f-9205-70a1eacfdcfe'),
 ('217', 'Togo', 'TG', '0', '2017-02-23 00:51:20', '2017-02-23 00:51:20', '52cb2303-095a-4c2a-ad14-df053f68b199'),
 ('218', 'Thailand', 'TH', '0', '2017-02-23 00:51:20', '2017-02-23 00:51:20', '477fe7fb-a796-4786-b6de-451256de30e7'),
 ('219', 'Tajikistan', 'TJ', '0', '2017-02-23 00:51:20', '2017-02-23 00:51:20', '71d4145e-81ae-48bb-a506-640165a134dc'),
 ('220', 'Tokelau', 'TK', '0', '2017-02-23 00:51:20', '2017-02-23 00:51:20', '2ca2d85e-92ac-4e9c-8d4c-a835f1972055'),
 ('221', 'Timor-Leste', 'TL', '0', '2017-02-23 00:51:20', '2017-02-23 00:51:20', 'df6f5a74-759b-41aa-9d1c-49815523dfd7'),
 ('222', 'Turkmenistan', 'TM', '0', '2017-02-23 00:51:20', '2017-02-23 00:51:20', '61462562-ef3a-47ab-aa3c-e6e513b742a1'),
 ('223', 'Tunisia', 'TN', '0', '2017-02-23 00:51:20', '2017-02-23 00:51:20', '2fd4d7bf-2597-4818-904d-c7df041c08e9'),
 ('224', 'Tonga', 'TO', '0', '2017-02-23 00:51:20', '2017-02-23 00:51:20', 'ecc80028-86c4-4752-bf4f-2976fb371ee5'),
 ('225', 'Turkey', 'TR', '0', '2017-02-23 00:51:20', '2017-02-23 00:51:20', 'a128f8eb-17a3-4d53-8e1f-eb9642a47d67'),
 ('226', 'Trinidad and Tobago', 'TT', '0', '2017-02-23 00:51:20', '2017-02-23 00:51:20', '26710e17-ef0c-4ab2-8428-312b5fb6f018'),
 ('227', 'Tuvalu', 'TV', '0', '2017-02-23 00:51:20', '2017-02-23 00:51:20', '70e71c51-47ea-4dea-b556-0323906be381'),
 ('228', 'Taiwan', 'TW', '0', '2017-02-23 00:51:20', '2017-02-23 00:51:20', 'd10b2ae6-3bf7-4fc6-9b7b-e87a2c02041d'),
 ('229', 'Tanzania', 'TZ', '0', '2017-02-23 00:51:20', '2017-02-23 00:51:20', '59d2509c-29ba-4ca9-bd48-831c665076dc'),
 ('230', 'Ukraine', 'UA', '0', '2017-02-23 00:51:20', '2017-02-23 00:51:20', '984f84d6-4321-432d-9f37-55f8e7f6576a'),
 ('231', 'Uganda', 'UG', '0', '2017-02-23 00:51:20', '2017-02-23 00:51:20', 'e655be62-1a01-445b-92ff-ce50885bcd7d'),
 ('232', 'United States Minor Outlying Islands', 'UM', '0', '2017-02-23 00:51:20', '2017-02-23 00:51:20', '55020488-0ccf-4cb1-aee5-f5e3dba7622a'),
 ('233', 'United States', 'US', '0', '2017-02-23 00:51:20', '2017-02-23 00:51:20', '84f874de-82f8-40f1-b801-a8c4a1f5cdb8'),
 ('234', 'Uruguay', 'UY', '0', '2017-02-23 00:51:20', '2017-02-23 00:51:20', '922626ac-81e4-4bf6-8165-6a7ee1d0a615'),
 ('235', 'Uzbekistan', 'UZ', '0', '2017-02-23 00:51:20', '2017-02-23 00:51:20', '8f0a1163-9d56-4f30-a664-04d239da4492'),
 ('236', 'Vatican City State (Holy See)', 'VA', '0', '2017-02-23 00:51:20', '2017-02-23 00:51:20', '7e155ed9-62c3-49b2-84d2-47837a2cd88e'),
 ('237', 'Saint Vincent and the Grenadines', 'VC', '0', '2017-02-23 00:51:20', '2017-02-23 00:51:20', 'ddb32ae5-2888-408c-a1c2-623a1b5e703b'),
 ('238', 'Venezuela', 'VE', '0', '2017-02-23 00:51:20', '2017-02-23 00:51:20', '63bfc0ec-3acd-48b3-b153-20f495d51f27'),
 ('239', 'Virgin Islands (British)', 'VG', '0', '2017-02-23 00:51:20', '2017-02-23 00:51:20', 'cba85fa2-bf82-462d-b1f5-04df764e7e83'),
 ('240', 'Virgin Islands (U.S.)', 'VI', '0', '2017-02-23 00:51:20', '2017-02-23 00:51:20', 'bc724892-d82a-47b2-ac97-6d87393dc77a'),
 ('241', 'Viet Nam', 'VN', '0', '2017-02-23 00:51:20', '2017-02-23 00:51:20', '1c7ecc17-4948-49e0-8e62-e877793c3368'),
 ('242', 'Vanuatu', 'VU', '0', '2017-02-23 00:51:20', '2017-02-23 00:51:20', '55ce4c1f-c618-4178-bbdf-2fe0499f3859'),
 ('243', 'Wallis and Futuna Islands', 'WF', '0', '2017-02-23 00:51:20', '2017-02-23 00:51:20', '63b51a57-5ff3-4d2f-8879-fc4a6115bb7f'),
 ('244', 'Samoa', 'WS', '0', '2017-02-23 00:51:20', '2017-02-23 00:51:20', '77836d6d-6b65-48a5-9f52-9d67b346cbed'),
 ('245', 'Yemen', 'YE', '0', '2017-02-23 00:51:20', '2017-02-23 00:51:20', '0d889c6a-f317-4e4b-bfb9-3c9e2493bc54'),
 ('246', 'Mayotte', 'YT', '0', '2017-02-23 00:51:20', '2017-02-23 00:51:20', '903cee60-1993-47fc-a78b-fc6340d87d5d'),
 ('247', 'South Africa', 'ZA', '0', '2017-02-23 00:51:20', '2017-02-23 00:51:20', '08d0a220-9954-4b01-baba-176dee1b3e36'),
 ('248', 'Zambia', 'ZM', '0', '2017-02-23 00:51:20', '2017-02-23 00:51:20', '71454103-5ddc-4b04-b3ef-26e6f9185b44'),
 ('249', 'Zimbabwe', 'ZW', '0', '2017-02-23 00:51:20', '2017-02-23 00:51:20', '7e697b27-9a12-4086-8abc-7a549e333b11');



DROP TABLE IF EXISTS `02fis_commerce_customer_discountuses`;


--
-- Schema for table `02fis_commerce_customer_discountuses`
--
CREATE TABLE `02fis_commerce_customer_discountuses` (
  `id` int(11) NOT NULL AUTO_INCREMENT,
  `discountId` int(10) NOT NULL,
  `customerId` int(10) NOT NULL,
  `uses` int(10) unsigned NOT NULL,
  `dateCreated` datetime NOT NULL,
  `dateUpdated` datetime NOT NULL,
  `uid` char(36) COLLATE utf8_unicode_ci NOT NULL DEFAULT '0',
  PRIMARY KEY (`id`),
  UNIQUE KEY `02fis_commerce_customer_discountuses_customerId_discountId_unq_i` (`customerId`,`discountId`),
  KEY `02fis_commerce_customer_discountuses_discountId_fk` (`discountId`)
) ENGINE=InnoDB DEFAULT CHARSET=utf8 COLLATE=utf8_unicode_ci;

DROP TABLE IF EXISTS `02fis_commerce_customers`;


--
-- Schema for table `02fis_commerce_customers`
--
CREATE TABLE `02fis_commerce_customers` (
  `id` int(11) NOT NULL AUTO_INCREMENT,
  `userId` int(11) DEFAULT NULL,
  `email` varchar(255) COLLATE utf8_unicode_ci DEFAULT NULL,
  `lastUsedBillingAddressId` int(10) DEFAULT NULL,
  `lastUsedShippingAddressId` int(10) DEFAULT NULL,
  `dateCreated` datetime NOT NULL,
  `dateUpdated` datetime NOT NULL,
  `uid` char(36) COLLATE utf8_unicode_ci NOT NULL DEFAULT '0',
  PRIMARY KEY (`id`),
  KEY `02fis_commerce_customers_userId_fk` (`userId`)
) ENGINE=InnoDB DEFAULT CHARSET=utf8 COLLATE=utf8_unicode_ci;

DROP TABLE IF EXISTS `02fis_commerce_customers_addresses`;


--
-- Schema for table `02fis_commerce_customers_addresses`
--
CREATE TABLE `02fis_commerce_customers_addresses` (
  `id` int(11) NOT NULL AUTO_INCREMENT,
  `customerId` int(11) NOT NULL,
  `addressId` int(11) NOT NULL,
  `dateCreated` datetime NOT NULL,
  `dateUpdated` datetime NOT NULL,
  `uid` char(36) COLLATE utf8_unicode_ci NOT NULL DEFAULT '0',
  PRIMARY KEY (`id`),
  UNIQUE KEY `02fis_commerce_customers_addresses_customerId_addressId_unq_idx` (`customerId`,`addressId`),
  KEY `02fis_commerce_customers_addresses_customerId_idx` (`customerId`),
  KEY `02fis_commerce_customers_addresses_addressId_idx` (`addressId`)
) ENGINE=InnoDB DEFAULT CHARSET=utf8 COLLATE=utf8_unicode_ci;

DROP TABLE IF EXISTS `02fis_commerce_discount_products`;


--
-- Schema for table `02fis_commerce_discount_products`
--
CREATE TABLE `02fis_commerce_discount_products` (
  `id` int(11) NOT NULL AUTO_INCREMENT,
  `discountId` int(10) NOT NULL,
  `productId` int(10) NOT NULL,
  `dateCreated` datetime NOT NULL,
  `dateUpdated` datetime NOT NULL,
  `uid` char(36) COLLATE utf8_unicode_ci NOT NULL DEFAULT '0',
  PRIMARY KEY (`id`),
  UNIQUE KEY `02fis_commerce_discount_products_discountId_productId_unq_idx` (`discountId`,`productId`),
  KEY `02fis_commerce_discount_products_productId_fk` (`productId`)
) ENGINE=InnoDB DEFAULT CHARSET=utf8 COLLATE=utf8_unicode_ci;

DROP TABLE IF EXISTS `02fis_commerce_discount_producttypes`;


--
-- Schema for table `02fis_commerce_discount_producttypes`
--
CREATE TABLE `02fis_commerce_discount_producttypes` (
  `id` int(11) NOT NULL AUTO_INCREMENT,
  `discountId` int(10) NOT NULL,
  `productTypeId` int(10) NOT NULL,
  `dateCreated` datetime NOT NULL,
  `dateUpdated` datetime NOT NULL,
  `uid` char(36) COLLATE utf8_unicode_ci NOT NULL DEFAULT '0',
  PRIMARY KEY (`id`),
  UNIQUE KEY `02fis_commerc_discoun_producttype_discountI_productTypeI_unq_idx` (`discountId`,`productTypeId`),
  KEY `02fis_commerce_discount_producttypes_productTypeId_fk` (`productTypeId`)
) ENGINE=InnoDB DEFAULT CHARSET=utf8 COLLATE=utf8_unicode_ci;

DROP TABLE IF EXISTS `02fis_commerce_discount_usergroups`;


--
-- Schema for table `02fis_commerce_discount_usergroups`
--
CREATE TABLE `02fis_commerce_discount_usergroups` (
  `id` int(11) NOT NULL AUTO_INCREMENT,
  `discountId` int(10) NOT NULL,
  `userGroupId` int(10) NOT NULL,
  `dateCreated` datetime NOT NULL,
  `dateUpdated` datetime NOT NULL,
  `uid` char(36) COLLATE utf8_unicode_ci NOT NULL DEFAULT '0',
  PRIMARY KEY (`id`),
  UNIQUE KEY `02fis_commerce_discount_usergroups_discountId_userGroupId_unq_id` (`discountId`,`userGroupId`),
  KEY `02fis_commerce_discount_usergroups_userGroupId_fk` (`userGroupId`)
) ENGINE=InnoDB DEFAULT CHARSET=utf8 COLLATE=utf8_unicode_ci;

DROP TABLE IF EXISTS `02fis_commerce_discounts`;


--
-- Schema for table `02fis_commerce_discounts`
--
CREATE TABLE `02fis_commerce_discounts` (
  `id` int(11) NOT NULL AUTO_INCREMENT,
  `name` varchar(255) COLLATE utf8_unicode_ci NOT NULL,
  `description` text COLLATE utf8_unicode_ci,
  `code` varchar(255) COLLATE utf8_unicode_ci DEFAULT NULL,
  `perUserLimit` int(10) unsigned NOT NULL DEFAULT '0',
  `perEmailLimit` int(10) unsigned NOT NULL DEFAULT '0',
  `totalUseLimit` int(10) unsigned NOT NULL DEFAULT '0',
  `totalUses` int(10) unsigned NOT NULL DEFAULT '0',
  `dateFrom` datetime DEFAULT NULL,
  `dateTo` datetime DEFAULT NULL,
  `purchaseTotal` int(10) NOT NULL DEFAULT '0',
  `purchaseQty` int(10) NOT NULL DEFAULT '0',
  `maxPurchaseQty` int(10) NOT NULL DEFAULT '0',
  `baseDiscount` decimal(14,4) NOT NULL DEFAULT '0.0000',
  `perItemDiscount` decimal(14,4) NOT NULL DEFAULT '0.0000',
  `percentDiscount` decimal(14,4) NOT NULL DEFAULT '0.0000',
  `excludeOnSale` tinyint(1) unsigned NOT NULL DEFAULT '0',
  `freeShipping` tinyint(1) unsigned NOT NULL DEFAULT '0',
  `allGroups` tinyint(1) unsigned NOT NULL DEFAULT '0',
  `allProducts` tinyint(1) unsigned NOT NULL DEFAULT '0',
  `allProductTypes` tinyint(1) unsigned NOT NULL DEFAULT '0',
  `enabled` tinyint(1) unsigned NOT NULL DEFAULT '1',
  `stopProcessing` tinyint(1) unsigned NOT NULL DEFAULT '0',
  `sortOrder` int(10) DEFAULT NULL,
  `dateCreated` datetime NOT NULL,
  `dateUpdated` datetime NOT NULL,
  `uid` char(36) COLLATE utf8_unicode_ci NOT NULL DEFAULT '0',
  PRIMARY KEY (`id`),
  UNIQUE KEY `02fis_commerce_discounts_code_unq_idx` (`code`),
  KEY `02fis_commerce_discounts_dateFrom_idx` (`dateFrom`),
  KEY `02fis_commerce_discounts_dateTo_idx` (`dateTo`)
) ENGINE=InnoDB DEFAULT CHARSET=utf8 COLLATE=utf8_unicode_ci;

DROP TABLE IF EXISTS `02fis_commerce_emails`;


--
-- Schema for table `02fis_commerce_emails`
--
CREATE TABLE `02fis_commerce_emails` (
  `id` int(11) NOT NULL AUTO_INCREMENT,
  `name` varchar(255) COLLATE utf8_unicode_ci NOT NULL,
  `subject` varchar(255) COLLATE utf8_unicode_ci NOT NULL,
  `recipientType` enum('customer','custom') COLLATE utf8_unicode_ci DEFAULT 'custom',
  `to` varchar(255) COLLATE utf8_unicode_ci DEFAULT NULL,
  `bcc` varchar(255) COLLATE utf8_unicode_ci DEFAULT NULL,
  `enabled` tinyint(1) unsigned NOT NULL DEFAULT '0',
  `templatePath` varchar(255) COLLATE utf8_unicode_ci NOT NULL,
  `dateCreated` datetime NOT NULL,
  `dateUpdated` datetime NOT NULL,
  `uid` char(36) COLLATE utf8_unicode_ci NOT NULL DEFAULT '0',
  PRIMARY KEY (`id`)
) ENGINE=InnoDB DEFAULT CHARSET=utf8 COLLATE=utf8_unicode_ci;

DROP TABLE IF EXISTS `02fis_commerce_lineitems`;


--
-- Schema for table `02fis_commerce_lineitems`
--
CREATE TABLE `02fis_commerce_lineitems` (
  `id` int(11) NOT NULL AUTO_INCREMENT,
  `orderId` int(11) NOT NULL,
  `purchasableId` int(11) DEFAULT NULL,
  `options` text COLLATE utf8_unicode_ci,
  `optionsSignature` varchar(255) COLLATE utf8_unicode_ci NOT NULL,
  `price` decimal(14,4) unsigned NOT NULL,
  `saleAmount` decimal(14,4) NOT NULL DEFAULT '0.0000',
  `salePrice` decimal(14,4) NOT NULL DEFAULT '0.0000',
  `tax` decimal(14,4) NOT NULL DEFAULT '0.0000',
  `taxIncluded` decimal(14,4) NOT NULL DEFAULT '0.0000',
  `shippingCost` decimal(14,4) unsigned NOT NULL DEFAULT '0.0000',
  `discount` decimal(14,4) NOT NULL DEFAULT '0.0000',
  `weight` decimal(14,4) unsigned NOT NULL DEFAULT '0.0000',
  `height` decimal(14,4) unsigned NOT NULL DEFAULT '0.0000',
  `length` decimal(14,4) unsigned NOT NULL DEFAULT '0.0000',
  `width` decimal(14,4) unsigned NOT NULL DEFAULT '0.0000',
  `total` decimal(14,4) unsigned NOT NULL DEFAULT '0.0000',
  `qty` int(10) unsigned NOT NULL,
  `note` text COLLATE utf8_unicode_ci,
  `snapshot` text COLLATE utf8_unicode_ci NOT NULL,
  `taxCategoryId` int(10) NOT NULL,
  `shippingCategoryId` int(10) NOT NULL,
  `dateCreated` datetime NOT NULL,
  `dateUpdated` datetime NOT NULL,
  `uid` char(36) COLLATE utf8_unicode_ci NOT NULL DEFAULT '0',
  PRIMARY KEY (`id`),
  UNIQUE KEY `02fi_commerc_lineitem_orderI_purchasableI_optionsSignatu_unq_idx` (`orderId`,`purchasableId`,`optionsSignature`),
  KEY `02fis_commerce_lineitems_purchasableId_fk` (`purchasableId`),
  KEY `02fis_commerce_lineitems_taxCategoryId_fk` (`taxCategoryId`),
  KEY `02fis_commerce_lineitems_shippingCategoryId_fk` (`shippingCategoryId`)
) ENGINE=InnoDB DEFAULT CHARSET=utf8 COLLATE=utf8_unicode_ci;

DROP TABLE IF EXISTS `02fis_commerce_orderadjustments`;


--
-- Schema for table `02fis_commerce_orderadjustments`
--
CREATE TABLE `02fis_commerce_orderadjustments` (
  `id` int(11) NOT NULL AUTO_INCREMENT,
  `type` varchar(255) COLLATE utf8_unicode_ci NOT NULL,
  `name` varchar(255) COLLATE utf8_unicode_ci DEFAULT NULL,
  `description` varchar(255) COLLATE utf8_unicode_ci DEFAULT NULL,
  `amount` decimal(14,4) NOT NULL,
  `included` tinyint(1) unsigned NOT NULL DEFAULT '0',
  `optionsJson` text COLLATE utf8_unicode_ci NOT NULL,
  `orderId` int(10) NOT NULL,
  `dateCreated` datetime NOT NULL,
  `dateUpdated` datetime NOT NULL,
  `uid` char(36) COLLATE utf8_unicode_ci NOT NULL DEFAULT '0',
  PRIMARY KEY (`id`),
  KEY `02fis_commerce_orderadjustments_orderId_idx` (`orderId`)
) ENGINE=InnoDB DEFAULT CHARSET=utf8 COLLATE=utf8_unicode_ci;

DROP TABLE IF EXISTS `02fis_commerce_orderhistories`;


--
-- Schema for table `02fis_commerce_orderhistories`
--
CREATE TABLE `02fis_commerce_orderhistories` (
  `id` int(11) NOT NULL AUTO_INCREMENT,
  `prevStatusId` int(11) DEFAULT NULL,
  `newStatusId` int(11) DEFAULT NULL,
  `orderId` int(10) NOT NULL,
  `customerId` int(10) NOT NULL,
  `message` text COLLATE utf8_unicode_ci,
  `dateCreated` datetime NOT NULL,
  `dateUpdated` datetime NOT NULL,
  `uid` char(36) COLLATE utf8_unicode_ci NOT NULL DEFAULT '0',
  PRIMARY KEY (`id`),
  KEY `02fis_commerce_orderhistories_orderId_fk` (`orderId`),
  KEY `02fis_commerce_orderhistories_prevStatusId_fk` (`prevStatusId`),
  KEY `02fis_commerce_orderhistories_newStatusId_fk` (`newStatusId`),
  KEY `02fis_commerce_orderhistories_customerId_fk` (`customerId`)
) ENGINE=InnoDB DEFAULT CHARSET=utf8 COLLATE=utf8_unicode_ci;

DROP TABLE IF EXISTS `02fis_commerce_orders`;


--
-- Schema for table `02fis_commerce_orders`
--
CREATE TABLE `02fis_commerce_orders` (
  `billingAddressId` int(11) DEFAULT NULL,
  `shippingAddressId` int(11) DEFAULT NULL,
  `paymentMethodId` int(11) DEFAULT NULL,
  `customerId` int(11) DEFAULT NULL,
  `id` int(11) NOT NULL,
  `orderStatusId` int(11) DEFAULT NULL,
  `number` varchar(32) COLLATE utf8_unicode_ci DEFAULT NULL,
  `couponCode` varchar(255) COLLATE utf8_unicode_ci DEFAULT NULL,
  `itemTotal` decimal(14,4) DEFAULT '0.0000',
  `baseDiscount` decimal(14,4) DEFAULT '0.0000',
  `baseShippingCost` decimal(14,4) DEFAULT '0.0000',
  `baseTax` decimal(14,4) DEFAULT '0.0000',
  `totalPrice` decimal(14,4) DEFAULT '0.0000',
  `totalPaid` decimal(14,4) DEFAULT '0.0000',
  `email` varchar(255) COLLATE utf8_unicode_ci DEFAULT NULL,
  `isCompleted` tinyint(1) unsigned NOT NULL DEFAULT '0',
  `dateOrdered` datetime DEFAULT NULL,
  `datePaid` datetime DEFAULT NULL,
  `currency` varchar(255) COLLATE utf8_unicode_ci DEFAULT NULL,
  `paymentCurrency` varchar(255) COLLATE utf8_unicode_ci DEFAULT NULL,
  `lastIp` varchar(255) COLLATE utf8_unicode_ci DEFAULT NULL,
  `orderLocale` char(12) COLLATE utf8_unicode_ci DEFAULT NULL,
  `message` varchar(255) COLLATE utf8_unicode_ci DEFAULT NULL,
  `returnUrl` varchar(255) COLLATE utf8_unicode_ci DEFAULT NULL,
  `cancelUrl` varchar(255) COLLATE utf8_unicode_ci DEFAULT NULL,
  `shippingMethod` varchar(255) COLLATE utf8_unicode_ci DEFAULT NULL,
  `dateCreated` datetime NOT NULL,
  `dateUpdated` datetime NOT NULL,
  `uid` char(36) COLLATE utf8_unicode_ci NOT NULL DEFAULT '0',
  PRIMARY KEY (`id`),
  KEY `02fis_commerce_orders_number_idx` (`number`),
  KEY `02fis_commerce_orders_billingAddressId_fk` (`billingAddressId`),
  KEY `02fis_commerce_orders_shippingAddressId_fk` (`shippingAddressId`),
  KEY `02fis_commerce_orders_paymentMethodId_fk` (`paymentMethodId`),
  KEY `02fis_commerce_orders_customerId_fk` (`customerId`),
  KEY `02fis_commerce_orders_orderStatusId_fk` (`orderStatusId`)
) ENGINE=InnoDB DEFAULT CHARSET=utf8 COLLATE=utf8_unicode_ci;

DROP TABLE IF EXISTS `02fis_commerce_ordersettings`;


--
-- Schema for table `02fis_commerce_ordersettings`
--
CREATE TABLE `02fis_commerce_ordersettings` (
  `id` int(11) NOT NULL AUTO_INCREMENT,
  `fieldLayoutId` int(11) DEFAULT NULL,
  `name` varchar(255) COLLATE utf8_unicode_ci NOT NULL,
  `handle` varchar(255) COLLATE utf8_unicode_ci NOT NULL,
  `dateCreated` datetime NOT NULL,
  `dateUpdated` datetime NOT NULL,
  `uid` char(36) COLLATE utf8_unicode_ci NOT NULL DEFAULT '0',
  PRIMARY KEY (`id`),
  UNIQUE KEY `02fis_commerce_ordersettings_handle_unq_idx` (`handle`),
  KEY `02fis_commerce_ordersettings_fieldLayoutId_fk` (`fieldLayoutId`)
) ENGINE=InnoDB AUTO_INCREMENT=2 DEFAULT CHARSET=utf8 COLLATE=utf8_unicode_ci;

--
-- Data for table `02fis_commerce_ordersettings`
--

INSERT INTO `02fis_commerce_ordersettings` (`id`, `fieldLayoutId`, `name`, `handle`, `dateCreated`, `dateUpdated`, `uid`) VALUES
 ('1', '6', 'Order', 'order', '2017-02-23 00:51:18', '2017-02-23 00:51:18', '381e48ac-cc21-4fb2-98a6-d973a68e4b6b');



DROP TABLE IF EXISTS `02fis_commerce_orderstatus_emails`;


--
-- Schema for table `02fis_commerce_orderstatus_emails`
--
CREATE TABLE `02fis_commerce_orderstatus_emails` (
  `id` int(11) NOT NULL AUTO_INCREMENT,
  `orderStatusId` int(11) NOT NULL,
  `emailId` int(11) NOT NULL,
  `dateCreated` datetime NOT NULL,
  `dateUpdated` datetime NOT NULL,
  `uid` char(36) COLLATE utf8_unicode_ci NOT NULL DEFAULT '0',
  PRIMARY KEY (`id`),
  KEY `02fis_commerce_orderstatus_emails_orderStatusId_fk` (`orderStatusId`),
  KEY `02fis_commerce_orderstatus_emails_emailId_fk` (`emailId`)
) ENGINE=InnoDB DEFAULT CHARSET=utf8 COLLATE=utf8_unicode_ci;

DROP TABLE IF EXISTS `02fis_commerce_orderstatuses`;


--
-- Schema for table `02fis_commerce_orderstatuses`
--
CREATE TABLE `02fis_commerce_orderstatuses` (
  `id` int(11) NOT NULL AUTO_INCREMENT,
  `name` varchar(255) COLLATE utf8_unicode_ci NOT NULL,
  `handle` varchar(255) COLLATE utf8_unicode_ci NOT NULL,
  `color` enum('green','orange','red','blue','yellow','pink','purple','turquoise','light','grey','black') COLLATE utf8_unicode_ci NOT NULL DEFAULT 'green',
  `sortOrder` int(10) DEFAULT NULL,
  `default` tinyint(1) unsigned NOT NULL DEFAULT '0',
  `dateCreated` datetime NOT NULL,
  `dateUpdated` datetime NOT NULL,
  `uid` char(36) COLLATE utf8_unicode_ci NOT NULL DEFAULT '0',
  PRIMARY KEY (`id`)
) ENGINE=InnoDB AUTO_INCREMENT=3 DEFAULT CHARSET=utf8 COLLATE=utf8_unicode_ci;

--
-- Data for table `02fis_commerce_orderstatuses`
--

INSERT INTO `02fis_commerce_orderstatuses` (`id`, `name`, `handle`, `color`, `sortOrder`, `default`, `dateCreated`, `dateUpdated`, `uid`) VALUES
 ('1', 'Processing', 'processing', 'green', '999', '1', '2017-02-23 00:51:18', '2017-02-23 00:51:18', '12928a57-de20-4ebe-8d49-ccb53df6c8f0'),
 ('2', 'Shipped', 'shipped', 'blue', '999', '0', '2017-02-23 00:51:18', '2017-02-23 00:51:18', '997896f0-4740-4034-9b66-38ef868ef8b0');



DROP TABLE IF EXISTS `02fis_commerce_paymentcurrencies`;


--
-- Schema for table `02fis_commerce_paymentcurrencies`
--
CREATE TABLE `02fis_commerce_paymentcurrencies` (
  `id` int(11) NOT NULL AUTO_INCREMENT,
  `iso` varchar(3) COLLATE utf8_unicode_ci NOT NULL,
  `primary` tinyint(1) unsigned NOT NULL DEFAULT '0',
  `rate` decimal(14,4) NOT NULL DEFAULT '0.0000',
  `dateCreated` datetime NOT NULL,
  `dateUpdated` datetime NOT NULL,
  `uid` char(36) COLLATE utf8_unicode_ci NOT NULL DEFAULT '0',
  PRIMARY KEY (`id`),
  UNIQUE KEY `02fis_commerce_paymentcurrencies_iso_unq_idx` (`iso`)
) ENGINE=InnoDB AUTO_INCREMENT=3 DEFAULT CHARSET=utf8 COLLATE=utf8_unicode_ci;

--
-- Data for table `02fis_commerce_paymentcurrencies`
--

INSERT INTO `02fis_commerce_paymentcurrencies` (`id`, `iso`, `primary`, `rate`, `dateCreated`, `dateUpdated`, `uid`) VALUES
 ('1', 'USD', '1', '1.0000', '2017-02-23 00:51:18', '2017-02-23 00:51:18', '26642166-67c8-4840-a265-c091c47b0886'),
 ('2', 'CAD', '0', '1.0000', '2017-02-23 00:54:24', '2017-02-23 00:54:24', 'dd440391-2722-4523-8674-40496b942f54');



DROP TABLE IF EXISTS `02fis_commerce_paymentmethods`;


--
-- Schema for table `02fis_commerce_paymentmethods`
--
CREATE TABLE `02fis_commerce_paymentmethods` (
  `id` int(11) NOT NULL AUTO_INCREMENT,
  `class` varchar(255) COLLATE utf8_unicode_ci NOT NULL,
  `name` varchar(255) COLLATE utf8_unicode_ci NOT NULL,
  `settings` text COLLATE utf8_unicode_ci,
  `paymentType` enum('authorize','purchase') COLLATE utf8_unicode_ci NOT NULL DEFAULT 'purchase',
  `frontendEnabled` tinyint(1) unsigned NOT NULL DEFAULT '0',
  `isArchived` tinyint(1) unsigned NOT NULL DEFAULT '0',
  `dateArchived` datetime DEFAULT NULL,
  `sortOrder` int(10) DEFAULT NULL,
  `dateCreated` datetime NOT NULL,
  `dateUpdated` datetime NOT NULL,
  `uid` char(36) COLLATE utf8_unicode_ci NOT NULL DEFAULT '0',
  PRIMARY KEY (`id`),
  UNIQUE KEY `02fis_commerce_paymentmethods_name_unq_idx` (`name`)
) ENGINE=InnoDB AUTO_INCREMENT=2 DEFAULT CHARSET=utf8 COLLATE=utf8_unicode_ci;

--
-- Data for table `02fis_commerce_paymentmethods`
--

INSERT INTO `02fis_commerce_paymentmethods` (`id`, `class`, `name`, `settings`, `paymentType`, `frontendEnabled`, `isArchived`, `dateArchived`, `sortOrder`, `dateCreated`, `dateUpdated`, `uid`) VALUES
 ('1', 'Dummy', 'Dummy', '[]', 'purchase', '1', '0', NULL, NULL, '2017-02-23 00:51:19', '2017-02-23 00:51:19', 'e1364317-2898-40f9-be6a-bcac1c657482');



DROP TABLE IF EXISTS `02fis_commerce_products`;


--
-- Schema for table `02fis_commerce_products`
--
CREATE TABLE `02fis_commerce_products` (
  `id` int(11) NOT NULL,
  `typeId` int(11) DEFAULT NULL,
  `taxCategoryId` int(11) NOT NULL,
  `shippingCategoryId` int(11) NOT NULL,
  `postDate` datetime DEFAULT NULL,
  `expiryDate` datetime DEFAULT NULL,
  `promotable` tinyint(1) unsigned NOT NULL DEFAULT '0',
  `freeShipping` tinyint(1) unsigned NOT NULL DEFAULT '0',
  `defaultVariantId` int(10) DEFAULT NULL,
  `defaultSku` varchar(255) COLLATE utf8_unicode_ci DEFAULT NULL,
  `defaultPrice` decimal(14,4) DEFAULT NULL,
  `defaultHeight` decimal(14,4) DEFAULT NULL,
  `defaultLength` decimal(14,4) DEFAULT NULL,
  `defaultWidth` decimal(14,4) DEFAULT NULL,
  `defaultWeight` decimal(14,4) DEFAULT NULL,
  `dateCreated` datetime NOT NULL,
  `dateUpdated` datetime NOT NULL,
  `uid` char(36) COLLATE utf8_unicode_ci NOT NULL DEFAULT '0',
  PRIMARY KEY (`id`),
  KEY `02fis_commerce_products_typeId_idx` (`typeId`),
  KEY `02fis_commerce_products_postDate_idx` (`postDate`),
  KEY `02fis_commerce_products_expiryDate_idx` (`expiryDate`),
  KEY `02fis_commerce_products_taxCategoryId_fk` (`taxCategoryId`),
  KEY `02fis_commerce_products_shippingCategoryId_fk` (`shippingCategoryId`)
) ENGINE=InnoDB DEFAULT CHARSET=utf8 COLLATE=utf8_unicode_ci;

--
-- Data for table `02fis_commerce_products`
--

INSERT INTO `02fis_commerce_products` (`id`, `typeId`, `taxCategoryId`, `shippingCategoryId`, `postDate`, `expiryDate`, `promotable`, `freeShipping`, `defaultVariantId`, `defaultSku`, `defaultPrice`, `defaultHeight`, `defaultLength`, `defaultWidth`, `defaultWeight`, `dateCreated`, `dateUpdated`, `uid`) VALUES
 ('4', '1', '1', '1', '2017-02-23 00:51:18', NULL, '1', '0', '5', 'A New Toga', '10.0000', '0.0000', '0.0000', '0.0000', '0.0000', '2017-02-23 00:51:19', '2017-02-23 00:51:19', 'd3ed05dd-e849-477b-8cd7-949bacd8262c'),
 ('6', '1', '1', '1', '2017-02-23 00:51:19', NULL, '1', '0', '7', 'Parka with Stripes on Back', '20.0000', '0.0000', '0.0000', '0.0000', '0.0000', '2017-02-23 00:51:19', '2017-02-23 00:51:19', '109a77df-8b08-4404-ae71-307b73bdc50b'),
 ('8', '1', '1', '1', '2017-02-23 00:51:19', NULL, '1', '0', '9', 'Romper for a Red Eye', '30.0000', '0.0000', '0.0000', '0.0000', '0.0000', '2017-02-23 00:51:19', '2017-02-23 00:51:19', 'e2604231-5178-4715-8e9f-6e7a30e402c0'),
 ('10', '1', '1', '1', '2017-02-23 00:51:19', NULL, '1', '0', '11', 'The Fleece Awakens', '40.0000', '0.0000', '0.0000', '0.0000', '0.0000', '2017-02-23 00:51:19', '2017-02-23 00:51:19', '0815e1b3-87cb-49b7-a417-36f0dc906894');



DROP TABLE IF EXISTS `02fis_commerce_producttypes`;


--
-- Schema for table `02fis_commerce_producttypes`
--
CREATE TABLE `02fis_commerce_producttypes` (
  `id` int(11) NOT NULL AUTO_INCREMENT,
  `fieldLayoutId` int(11) DEFAULT NULL,
  `variantFieldLayoutId` int(11) DEFAULT NULL,
  `name` varchar(255) COLLATE utf8_unicode_ci NOT NULL,
  `handle` varchar(255) COLLATE utf8_unicode_ci NOT NULL,
  `hasUrls` tinyint(1) unsigned NOT NULL DEFAULT '0',
  `hasDimensions` tinyint(1) unsigned NOT NULL DEFAULT '0',
  `hasVariants` tinyint(1) unsigned NOT NULL DEFAULT '0',
  `hasVariantTitleField` tinyint(1) unsigned NOT NULL DEFAULT '1',
  `titleFormat` varchar(255) COLLATE utf8_unicode_ci NOT NULL,
  `skuFormat` varchar(255) COLLATE utf8_unicode_ci DEFAULT NULL,
  `descriptionFormat` varchar(255) COLLATE utf8_unicode_ci DEFAULT NULL,
  `template` varchar(500) COLLATE utf8_unicode_ci DEFAULT NULL,
  `dateCreated` datetime NOT NULL,
  `dateUpdated` datetime NOT NULL,
  `uid` char(36) COLLATE utf8_unicode_ci NOT NULL DEFAULT '0',
  PRIMARY KEY (`id`),
  UNIQUE KEY `02fis_commerce_producttypes_handle_unq_idx` (`handle`),
  KEY `02fis_commerce_producttypes_fieldLayoutId_fk` (`fieldLayoutId`),
  KEY `02fis_commerce_producttypes_variantFieldLayoutId_fk` (`variantFieldLayoutId`)
) ENGINE=InnoDB AUTO_INCREMENT=2 DEFAULT CHARSET=utf8 COLLATE=utf8_unicode_ci;

--
-- Data for table `02fis_commerce_producttypes`
--

INSERT INTO `02fis_commerce_producttypes` (`id`, `fieldLayoutId`, `variantFieldLayoutId`, `name`, `handle`, `hasUrls`, `hasDimensions`, `hasVariants`, `hasVariantTitleField`, `titleFormat`, `skuFormat`, `descriptionFormat`, `template`, `dateCreated`, `dateUpdated`, `uid`) VALUES
 ('1', '9', '10', 'Clothing', 'clothing', '1', '1', '0', '0', '{product.title}', NULL, NULL, 'shop/products/_product', '2017-02-23 00:51:18', '2017-02-23 00:51:18', '4cbed8a7-ac48-46a1-8afa-aac79645e43b');



DROP TABLE IF EXISTS `02fis_commerce_producttypes_i18n`;


--
-- Schema for table `02fis_commerce_producttypes_i18n`
--
CREATE TABLE `02fis_commerce_producttypes_i18n` (
  `id` int(11) NOT NULL AUTO_INCREMENT,
  `productTypeId` int(11) NOT NULL,
  `locale` char(12) COLLATE utf8_unicode_ci NOT NULL,
  `urlFormat` text COLLATE utf8_unicode_ci,
  `dateCreated` datetime NOT NULL,
  `dateUpdated` datetime NOT NULL,
  `uid` char(36) COLLATE utf8_unicode_ci NOT NULL DEFAULT '0',
  PRIMARY KEY (`id`),
  UNIQUE KEY `02fis_commerce_producttypes_i18n_productTypeId_locale_unq_idx` (`productTypeId`,`locale`),
  KEY `02fis_commerce_producttypes_i18n_locale_fk` (`locale`)
) ENGINE=InnoDB AUTO_INCREMENT=2 DEFAULT CHARSET=utf8 COLLATE=utf8_unicode_ci;

--
-- Data for table `02fis_commerce_producttypes_i18n`
--

INSERT INTO `02fis_commerce_producttypes_i18n` (`id`, `productTypeId`, `locale`, `urlFormat`, `dateCreated`, `dateUpdated`, `uid`) VALUES
 ('1', '1', 'en_ca', 'shop/products/{slug}', '2017-02-23 00:51:18', '2017-02-23 00:51:18', '3107580b-8d34-4f55-9912-4dea179bd122');



DROP TABLE IF EXISTS `02fis_commerce_producttypes_shippingcategories`;


--
-- Schema for table `02fis_commerce_producttypes_shippingcategories`
--
CREATE TABLE `02fis_commerce_producttypes_shippingcategories` (
  `id` int(11) NOT NULL AUTO_INCREMENT,
  `productTypeId` int(11) NOT NULL,
  `shippingCategoryId` int(11) NOT NULL,
  `dateCreated` datetime NOT NULL,
  `dateUpdated` datetime NOT NULL,
  `uid` char(36) COLLATE utf8_unicode_ci NOT NULL DEFAULT '0',
  PRIMARY KEY (`id`),
  UNIQUE KEY `02fi_commer_productty_shippingcateg_productTy_shippingCateg_un_i` (`productTypeId`,`shippingCategoryId`),
  KEY `02fis_commerc_producttype_shippingcategorie_shippingCategoryI_fk` (`shippingCategoryId`)
) ENGINE=InnoDB AUTO_INCREMENT=2 DEFAULT CHARSET=utf8 COLLATE=utf8_unicode_ci;

--
-- Data for table `02fis_commerce_producttypes_shippingcategories`
--

INSERT INTO `02fis_commerce_producttypes_shippingcategories` (`id`, `productTypeId`, `shippingCategoryId`, `dateCreated`, `dateUpdated`, `uid`) VALUES
 ('1', '1', '1', '2017-02-23 00:51:18', '2017-02-23 00:51:18', 'c786ad89-03e9-420e-a018-c820c2c54287');



DROP TABLE IF EXISTS `02fis_commerce_producttypes_taxcategories`;


--
-- Schema for table `02fis_commerce_producttypes_taxcategories`
--
CREATE TABLE `02fis_commerce_producttypes_taxcategories` (
  `id` int(11) NOT NULL AUTO_INCREMENT,
  `productTypeId` int(11) NOT NULL,
  `taxCategoryId` int(11) NOT NULL,
  `dateCreated` datetime NOT NULL,
  `dateUpdated` datetime NOT NULL,
  `uid` char(36) COLLATE utf8_unicode_ci NOT NULL DEFAULT '0',
  PRIMARY KEY (`id`),
  UNIQUE KEY `02fi_commerc_producttyp_taxcategori_productType_taxCategory_un_i` (`productTypeId`,`taxCategoryId`),
  KEY `02fis_commerce_producttypes_taxcategories_taxCategoryId_fk` (`taxCategoryId`)
) ENGINE=InnoDB AUTO_INCREMENT=2 DEFAULT CHARSET=utf8 COLLATE=utf8_unicode_ci;

--
-- Data for table `02fis_commerce_producttypes_taxcategories`
--

INSERT INTO `02fis_commerce_producttypes_taxcategories` (`id`, `productTypeId`, `taxCategoryId`, `dateCreated`, `dateUpdated`, `uid`) VALUES
 ('1', '1', '1', '2017-02-23 00:51:18', '2017-02-23 00:51:18', '3a2dcad7-dbd3-46c1-b599-53e39c2552f4');



DROP TABLE IF EXISTS `02fis_commerce_purchasables`;


--
-- Schema for table `02fis_commerce_purchasables`
--
CREATE TABLE `02fis_commerce_purchasables` (
  `id` int(11) NOT NULL,
  `sku` varchar(255) COLLATE utf8_unicode_ci NOT NULL,
  `price` decimal(14,4) NOT NULL,
  `dateCreated` datetime NOT NULL,
  `dateUpdated` datetime NOT NULL,
  `uid` char(36) COLLATE utf8_unicode_ci NOT NULL DEFAULT '0',
  PRIMARY KEY (`id`),
  UNIQUE KEY `02fis_commerce_purchasables_sku_unq_idx` (`sku`)
) ENGINE=InnoDB DEFAULT CHARSET=utf8 COLLATE=utf8_unicode_ci;

--
-- Data for table `02fis_commerce_purchasables`
--

INSERT INTO `02fis_commerce_purchasables` (`id`, `sku`, `price`, `dateCreated`, `dateUpdated`, `uid`) VALUES
 ('5', 'A New Toga', '10.0000', '2017-02-23 00:51:19', '2017-02-23 00:51:19', 'c6273e4f-d540-4bb2-9564-fb4f45d577ab'),
 ('7', 'Parka with Stripes on Back', '20.0000', '2017-02-23 00:51:19', '2017-02-23 00:51:19', '6344a520-99df-42a7-b1cc-a3d95afaeb92'),
 ('9', 'Romper for a Red Eye', '30.0000', '2017-02-23 00:51:19', '2017-02-23 00:51:19', '1b50a632-7da9-4580-815b-0e9a8b94be9c'),
 ('11', 'The Fleece Awakens', '40.0000', '2017-02-23 00:51:19', '2017-02-23 00:51:19', 'f193343a-70b5-418e-a652-82844e81ac26');



DROP TABLE IF EXISTS `02fis_commerce_sale_products`;


--
-- Schema for table `02fis_commerce_sale_products`
--
CREATE TABLE `02fis_commerce_sale_products` (
  `id` int(11) NOT NULL AUTO_INCREMENT,
  `saleId` int(10) NOT NULL,
  `productId` int(10) NOT NULL,
  `dateCreated` datetime NOT NULL,
  `dateUpdated` datetime NOT NULL,
  `uid` char(36) COLLATE utf8_unicode_ci NOT NULL DEFAULT '0',
  PRIMARY KEY (`id`),
  UNIQUE KEY `02fis_commerce_sale_products_saleId_productId_unq_idx` (`saleId`,`productId`),
  KEY `02fis_commerce_sale_products_productId_fk` (`productId`)
) ENGINE=InnoDB DEFAULT CHARSET=utf8 COLLATE=utf8_unicode_ci;

DROP TABLE IF EXISTS `02fis_commerce_sale_producttypes`;


--
-- Schema for table `02fis_commerce_sale_producttypes`
--
CREATE TABLE `02fis_commerce_sale_producttypes` (
  `id` int(11) NOT NULL AUTO_INCREMENT,
  `saleId` int(10) NOT NULL,
  `productTypeId` int(10) NOT NULL,
  `dateCreated` datetime NOT NULL,
  `dateUpdated` datetime NOT NULL,
  `uid` char(36) COLLATE utf8_unicode_ci NOT NULL DEFAULT '0',
  PRIMARY KEY (`id`),
  UNIQUE KEY `02fis_commerce_sale_producttypes_saleId_productTypeId_unq_idx` (`saleId`,`productTypeId`),
  KEY `02fis_commerce_sale_producttypes_productTypeId_fk` (`productTypeId`)
) ENGINE=InnoDB DEFAULT CHARSET=utf8 COLLATE=utf8_unicode_ci;

DROP TABLE IF EXISTS `02fis_commerce_sale_usergroups`;


--
-- Schema for table `02fis_commerce_sale_usergroups`
--
CREATE TABLE `02fis_commerce_sale_usergroups` (
  `id` int(11) NOT NULL AUTO_INCREMENT,
  `saleId` int(10) NOT NULL,
  `userGroupId` int(10) NOT NULL,
  `dateCreated` datetime NOT NULL,
  `dateUpdated` datetime NOT NULL,
  `uid` char(36) COLLATE utf8_unicode_ci NOT NULL DEFAULT '0',
  PRIMARY KEY (`id`),
  UNIQUE KEY `02fis_commerce_sale_usergroups_saleId_userGroupId_unq_idx` (`saleId`,`userGroupId`),
  KEY `02fis_commerce_sale_usergroups_userGroupId_fk` (`userGroupId`)
) ENGINE=InnoDB DEFAULT CHARSET=utf8 COLLATE=utf8_unicode_ci;

DROP TABLE IF EXISTS `02fis_commerce_sales`;


--
-- Schema for table `02fis_commerce_sales`
--
CREATE TABLE `02fis_commerce_sales` (
  `id` int(11) NOT NULL AUTO_INCREMENT,
  `name` varchar(255) COLLATE utf8_unicode_ci NOT NULL,
  `description` text COLLATE utf8_unicode_ci,
  `dateFrom` datetime DEFAULT NULL,
  `dateTo` datetime DEFAULT NULL,
  `discountType` enum('percent','flat') COLLATE utf8_unicode_ci NOT NULL,
  `discountAmount` decimal(14,4) NOT NULL,
  `allGroups` tinyint(1) unsigned NOT NULL DEFAULT '0',
  `allProducts` tinyint(1) unsigned NOT NULL DEFAULT '0',
  `allProductTypes` tinyint(1) unsigned NOT NULL DEFAULT '0',
  `enabled` tinyint(1) unsigned NOT NULL DEFAULT '1',
  `dateCreated` datetime NOT NULL,
  `dateUpdated` datetime NOT NULL,
  `uid` char(36) COLLATE utf8_unicode_ci NOT NULL DEFAULT '0',
  PRIMARY KEY (`id`)
) ENGINE=InnoDB DEFAULT CHARSET=utf8 COLLATE=utf8_unicode_ci;

DROP TABLE IF EXISTS `02fis_commerce_shippingcategories`;


--
-- Schema for table `02fis_commerce_shippingcategories`
--
CREATE TABLE `02fis_commerce_shippingcategories` (
  `id` int(11) NOT NULL AUTO_INCREMENT,
  `name` varchar(255) COLLATE utf8_unicode_ci NOT NULL,
  `handle` varchar(255) COLLATE utf8_unicode_ci NOT NULL,
  `description` varchar(255) COLLATE utf8_unicode_ci DEFAULT NULL,
  `default` tinyint(1) unsigned NOT NULL DEFAULT '0',
  `dateCreated` datetime NOT NULL,
  `dateUpdated` datetime NOT NULL,
  `uid` char(36) COLLATE utf8_unicode_ci NOT NULL DEFAULT '0',
  PRIMARY KEY (`id`),
  UNIQUE KEY `02fis_commerce_shippingcategories_handle_unq_idx` (`handle`)
) ENGINE=InnoDB AUTO_INCREMENT=2 DEFAULT CHARSET=utf8 COLLATE=utf8_unicode_ci;

--
-- Data for table `02fis_commerce_shippingcategories`
--

INSERT INTO `02fis_commerce_shippingcategories` (`id`, `name`, `handle`, `description`, `default`, `dateCreated`, `dateUpdated`, `uid`) VALUES
 ('1', 'General', 'general', NULL, '1', '2017-02-23 00:51:18', '2017-02-23 00:51:18', '7c1da69d-af10-451b-b98f-02431af22d1f');



DROP TABLE IF EXISTS `02fis_commerce_shippingmethods`;


--
-- Schema for table `02fis_commerce_shippingmethods`
--
CREATE TABLE `02fis_commerce_shippingmethods` (
  `id` int(11) NOT NULL AUTO_INCREMENT,
  `name` varchar(255) COLLATE utf8_unicode_ci NOT NULL,
  `handle` varchar(255) COLLATE utf8_unicode_ci NOT NULL,
  `enabled` tinyint(1) unsigned NOT NULL DEFAULT '1',
  `dateCreated` datetime NOT NULL,
  `dateUpdated` datetime NOT NULL,
  `uid` char(36) COLLATE utf8_unicode_ci NOT NULL DEFAULT '0',
  PRIMARY KEY (`id`),
  UNIQUE KEY `02fis_commerce_shippingmethods_name_unq_idx` (`name`)
) ENGINE=InnoDB AUTO_INCREMENT=2 DEFAULT CHARSET=utf8 COLLATE=utf8_unicode_ci;

--
-- Data for table `02fis_commerce_shippingmethods`
--

INSERT INTO `02fis_commerce_shippingmethods` (`id`, `name`, `handle`, `enabled`, `dateCreated`, `dateUpdated`, `uid`) VALUES
 ('1', 'Free Shipping', 'freeShipping', '1', '2017-02-23 00:51:18', '2017-02-23 00:51:18', 'e164ee2d-5123-4564-8e37-0aab444f6493');



DROP TABLE IF EXISTS `02fis_commerce_shippingrule_categories`;


--
-- Schema for table `02fis_commerce_shippingrule_categories`
--
CREATE TABLE `02fis_commerce_shippingrule_categories` (
  `id` int(11) NOT NULL AUTO_INCREMENT,
  `shippingRuleId` int(11) DEFAULT NULL,
  `shippingCategoryId` int(11) DEFAULT NULL,
  `condition` enum('allow','disallow','require') COLLATE utf8_unicode_ci NOT NULL,
  `perItemRate` decimal(14,4) DEFAULT NULL,
  `weightRate` decimal(14,4) DEFAULT NULL,
  `percentageRate` decimal(14,4) DEFAULT NULL,
  `dateCreated` datetime NOT NULL,
  `dateUpdated` datetime NOT NULL,
  `uid` char(36) COLLATE utf8_unicode_ci NOT NULL DEFAULT '0',
  PRIMARY KEY (`id`),
  KEY `02fis_commerce_shippingrule_categories_shippingRuleId_idx` (`shippingRuleId`),
  KEY `02fis_commerce_shippingrule_categories_shippingCategoryId_idx` (`shippingCategoryId`)
) ENGINE=InnoDB DEFAULT CHARSET=utf8 COLLATE=utf8_unicode_ci;

DROP TABLE IF EXISTS `02fis_commerce_shippingrules`;


--
-- Schema for table `02fis_commerce_shippingrules`
--
CREATE TABLE `02fis_commerce_shippingrules` (
  `id` int(11) NOT NULL AUTO_INCREMENT,
  `shippingZoneId` int(11) DEFAULT NULL,
  `name` varchar(255) COLLATE utf8_unicode_ci NOT NULL,
  `description` varchar(255) COLLATE utf8_unicode_ci DEFAULT NULL,
  `methodId` int(10) NOT NULL,
  `priority` int(10) NOT NULL DEFAULT '0',
  `enabled` tinyint(1) unsigned NOT NULL DEFAULT '1',
  `minQty` int(10) NOT NULL DEFAULT '0',
  `maxQty` int(10) NOT NULL DEFAULT '0',
  `minTotal` decimal(14,4) NOT NULL DEFAULT '0.0000',
  `maxTotal` decimal(14,4) NOT NULL DEFAULT '0.0000',
  `minWeight` decimal(14,4) NOT NULL DEFAULT '0.0000',
  `maxWeight` decimal(14,4) NOT NULL DEFAULT '0.0000',
  `baseRate` decimal(14,4) NOT NULL DEFAULT '0.0000',
  `perItemRate` decimal(14,4) NOT NULL DEFAULT '0.0000',
  `weightRate` decimal(14,4) NOT NULL DEFAULT '0.0000',
  `percentageRate` decimal(14,4) NOT NULL DEFAULT '0.0000',
  `minRate` decimal(14,4) NOT NULL DEFAULT '0.0000',
  `maxRate` decimal(14,4) NOT NULL DEFAULT '0.0000',
  `dateCreated` datetime NOT NULL,
  `dateUpdated` datetime NOT NULL,
  `uid` char(36) COLLATE utf8_unicode_ci NOT NULL DEFAULT '0',
  PRIMARY KEY (`id`),
  UNIQUE KEY `02fis_commerce_shippingrules_name_unq_idx` (`name`),
  KEY `02fis_commerce_shippingrules_methodId_idx` (`methodId`),
  KEY `02fis_commerce_shippingrules_shippingZoneId_fk` (`shippingZoneId`)
) ENGINE=InnoDB AUTO_INCREMENT=2 DEFAULT CHARSET=utf8 COLLATE=utf8_unicode_ci;

--
-- Data for table `02fis_commerce_shippingrules`
--

INSERT INTO `02fis_commerce_shippingrules` (`id`, `shippingZoneId`, `name`, `description`, `methodId`, `priority`, `enabled`, `minQty`, `maxQty`, `minTotal`, `maxTotal`, `minWeight`, `maxWeight`, `baseRate`, `perItemRate`, `weightRate`, `percentageRate`, `minRate`, `maxRate`, `dateCreated`, `dateUpdated`, `uid`) VALUES
 ('1', NULL, 'Free Everywhere ', 'All Countries, free shipping.', '1', '0', '1', '0', '0', '0.0000', '0.0000', '0.0000', '0.0000', '0.0000', '0.0000', '0.0000', '0.0000', '0.0000', '0.0000', '2017-02-23 00:51:18', '2017-02-23 00:51:18', '29d2ecca-b14e-4675-9cf0-99e8e864ba99');



DROP TABLE IF EXISTS `02fis_commerce_shippingzone_countries`;


--
-- Schema for table `02fis_commerce_shippingzone_countries`
--
CREATE TABLE `02fis_commerce_shippingzone_countries` (
  `id` int(11) NOT NULL AUTO_INCREMENT,
  `shippingZoneId` int(11) NOT NULL,
  `countryId` int(11) NOT NULL,
  `dateCreated` datetime NOT NULL,
  `dateUpdated` datetime NOT NULL,
  `uid` char(36) COLLATE utf8_unicode_ci NOT NULL DEFAULT '0',
  PRIMARY KEY (`id`),
  UNIQUE KEY `02fis_commerc_shippingzon_countrie_shippingZoneI_countryI_unq_id` (`shippingZoneId`,`countryId`),
  KEY `02fis_commerce_shippingzone_countries_shippingZoneId_idx` (`shippingZoneId`),
  KEY `02fis_commerce_shippingzone_countries_countryId_idx` (`countryId`)
) ENGINE=InnoDB DEFAULT CHARSET=utf8 COLLATE=utf8_unicode_ci;

DROP TABLE IF EXISTS `02fis_commerce_shippingzone_states`;


--
-- Schema for table `02fis_commerce_shippingzone_states`
--
CREATE TABLE `02fis_commerce_shippingzone_states` (
  `id` int(11) NOT NULL AUTO_INCREMENT,
  `shippingZoneId` int(11) NOT NULL,
  `stateId` int(11) NOT NULL,
  `dateCreated` datetime NOT NULL,
  `dateUpdated` datetime NOT NULL,
  `uid` char(36) COLLATE utf8_unicode_ci NOT NULL DEFAULT '0',
  PRIMARY KEY (`id`),
  UNIQUE KEY `02fis_commerce_shippingzone_states_shippingZoneId_stateId_unq_id` (`shippingZoneId`,`stateId`),
  KEY `02fis_commerce_shippingzone_states_shippingZoneId_idx` (`shippingZoneId`),
  KEY `02fis_commerce_shippingzone_states_stateId_idx` (`stateId`)
) ENGINE=InnoDB DEFAULT CHARSET=utf8 COLLATE=utf8_unicode_ci;

DROP TABLE IF EXISTS `02fis_commerce_shippingzones`;


--
-- Schema for table `02fis_commerce_shippingzones`
--
CREATE TABLE `02fis_commerce_shippingzones` (
  `id` int(11) NOT NULL AUTO_INCREMENT,
  `name` varchar(255) COLLATE utf8_unicode_ci NOT NULL,
  `description` varchar(255) COLLATE utf8_unicode_ci DEFAULT NULL,
  `countryBased` tinyint(1) unsigned NOT NULL DEFAULT '1',
  `dateCreated` datetime NOT NULL,
  `dateUpdated` datetime NOT NULL,
  `uid` char(36) COLLATE utf8_unicode_ci NOT NULL DEFAULT '0',
  PRIMARY KEY (`id`),
  UNIQUE KEY `02fis_commerce_shippingzones_name_unq_idx` (`name`)
) ENGINE=InnoDB DEFAULT CHARSET=utf8 COLLATE=utf8_unicode_ci;

DROP TABLE IF EXISTS `02fis_commerce_states`;


--
-- Schema for table `02fis_commerce_states`
--
CREATE TABLE `02fis_commerce_states` (
  `id` int(11) NOT NULL AUTO_INCREMENT,
  `name` varchar(255) COLLATE utf8_unicode_ci NOT NULL,
  `abbreviation` varchar(255) COLLATE utf8_unicode_ci DEFAULT NULL,
  `countryId` int(10) NOT NULL,
  `dateCreated` datetime NOT NULL,
  `dateUpdated` datetime NOT NULL,
  `uid` char(36) COLLATE utf8_unicode_ci NOT NULL DEFAULT '0',
  PRIMARY KEY (`id`),
  UNIQUE KEY `02fis_commerce_states_name_countryId_unq_idx` (`name`,`countryId`),
  KEY `02fis_commerce_states_countryId_fk` (`countryId`)
) ENGINE=InnoDB AUTO_INCREMENT=73 DEFAULT CHARSET=utf8 COLLATE=utf8_unicode_ci;

--
-- Data for table `02fis_commerce_states`
--

INSERT INTO `02fis_commerce_states` (`id`, `name`, `abbreviation`, `countryId`, `dateCreated`, `dateUpdated`, `uid`) VALUES
 ('1', 'Australian Capital Territory', 'ACT', '13', '2017-02-23 00:51:20', '2017-02-23 00:51:20', 'be8fcf8e-0466-4b52-9dc9-c0018a17e588'),
 ('2', 'New South Wales', 'NSW', '13', '2017-02-23 00:51:20', '2017-02-23 00:51:20', '56d1edd1-41e7-47dc-a9a9-48f8cb813b21'),
 ('3', 'Northern Territory', 'NT', '13', '2017-02-23 00:51:20', '2017-02-23 00:51:20', 'd3780b34-4379-4d67-8a39-5fa358a500b3'),
 ('4', 'Queensland', 'QLD', '13', '2017-02-23 00:51:20', '2017-02-23 00:51:20', '7586b123-2ec8-412a-8ae1-521d6cbafae3'),
 ('5', 'South Australia', 'SA', '13', '2017-02-23 00:51:20', '2017-02-23 00:51:20', '42adc098-be86-4787-986c-801e2a183fd2'),
 ('6', 'Tasmania', 'TAS', '13', '2017-02-23 00:51:20', '2017-02-23 00:51:20', '17f44d19-5482-403a-ba8c-63a19cf9dc8a'),
 ('7', 'Victoria', 'VIC', '13', '2017-02-23 00:51:20', '2017-02-23 00:51:20', 'f07ed709-05bf-4324-81e0-46217495cb99'),
 ('8', 'Western Australia', 'WA', '13', '2017-02-23 00:51:20', '2017-02-23 00:51:20', '39714179-07b1-4fc6-a5b8-f054e48b3ea8'),
 ('9', 'Alberta', 'AB', '38', '2017-02-23 00:51:20', '2017-02-23 00:51:20', 'bb9953c9-7b64-4e87-b6d2-2d5d5f99af6c'),
 ('10', 'British Columbia', 'BC', '38', '2017-02-23 00:51:20', '2017-02-23 00:51:20', '4571f47d-59ef-4c74-9abb-33de5ea0d698'),
 ('11', 'Manitoba', 'MB', '38', '2017-02-23 00:51:20', '2017-02-23 00:51:20', 'aa9623e3-5b21-4580-8c01-c877a3fa5bcc'),
 ('12', 'New Brunswick', 'NB', '38', '2017-02-23 00:51:20', '2017-02-23 00:51:20', '0fbd6e9e-433a-49e4-a787-99ff0dc6bc54'),
 ('13', 'Newfoundland and Labrador', 'NL', '38', '2017-02-23 00:51:20', '2017-02-23 00:51:20', 'dfc4df4f-2a56-4bf4-bb4c-13b7ed2ffe7b'),
 ('14', 'Northwest Territories', 'NT', '38', '2017-02-23 00:51:20', '2017-02-23 00:51:20', '7603e0b4-24af-4d5e-a9c0-e31df028a3e5'),
 ('15', 'Nova Scotia', 'NS', '38', '2017-02-23 00:51:20', '2017-02-23 00:51:20', 'b453e33e-b2de-4f03-8937-cbc3de7f6807'),
 ('16', 'Nunavut', 'NU', '38', '2017-02-23 00:51:20', '2017-02-23 00:51:20', '6948526b-61be-4372-a42d-abbaa369a64d'),
 ('17', 'Ontario', 'ON', '38', '2017-02-23 00:51:20', '2017-02-23 00:51:20', 'cd5a1f0b-817f-4394-a304-bdf4e60cb59a'),
 ('18', 'Prince Edward Island', 'PE', '38', '2017-02-23 00:51:20', '2017-02-23 00:51:20', '4cce98f0-39e8-4795-8e0b-a7b7d6bf6151'),
 ('19', 'Quebec', 'QC', '38', '2017-02-23 00:51:20', '2017-02-23 00:51:20', '62ea32c3-191d-4302-bd1b-7f7eddeb612e'),
 ('20', 'Saskatchewan', 'SK', '38', '2017-02-23 00:51:20', '2017-02-23 00:51:20', '8ccfe731-1e93-4b9f-b78e-746feec1e4f1'),
 ('21', 'Yukon', 'YT', '38', '2017-02-23 00:51:20', '2017-02-23 00:51:20', '38191177-29a2-44ce-aa7a-45d325450a70'),
 ('22', 'Alabama', 'AL', '233', '2017-02-23 00:51:20', '2017-02-23 00:51:20', 'fbf91403-abaa-4e22-99a1-8e5aa643747e'),
 ('23', 'Alaska', 'AK', '233', '2017-02-23 00:51:20', '2017-02-23 00:51:20', '26fca712-638c-42f2-9ffe-6c2452d5a4b1'),
 ('24', 'Arizona', 'AZ', '233', '2017-02-23 00:51:20', '2017-02-23 00:51:20', '9b918ff1-53a1-416f-a44c-fbeabf2cd55b'),
 ('25', 'Arkansas', 'AR', '233', '2017-02-23 00:51:20', '2017-02-23 00:51:20', '46a816f4-7856-4688-a5fb-b20b99f7ac66'),
 ('26', 'California', 'CA', '233', '2017-02-23 00:51:20', '2017-02-23 00:51:20', '35d831ba-53bd-43fe-9c5e-f35f40800bd1'),
 ('27', 'Colorado', 'CO', '233', '2017-02-23 00:51:20', '2017-02-23 00:51:20', '2e547f9c-1e1f-434f-83cb-8ddf17677781'),
 ('28', 'Connecticut', 'CT', '233', '2017-02-23 00:51:20', '2017-02-23 00:51:20', 'f4a06fcb-5e36-486c-b910-2b1224dc47eb'),
 ('29', 'Delaware', 'DE', '233', '2017-02-23 00:51:20', '2017-02-23 00:51:20', 'd6c62c98-5c2d-4e2d-8b67-78705baefb2c'),
 ('30', 'District of Columbia', 'DC', '233', '2017-02-23 00:51:20', '2017-02-23 00:51:20', '824ead5e-3c56-40b8-b0f3-e84308a7b34f'),
 ('31', 'Florida', 'FL', '233', '2017-02-23 00:51:20', '2017-02-23 00:51:20', '491820c0-90e0-40bf-b02e-d5cf4fca692b'),
 ('32', 'Georgia', 'GA', '233', '2017-02-23 00:51:20', '2017-02-23 00:51:20', 'a479c735-1015-4a6d-848e-028ca3f9b631'),
 ('33', 'Hawaii', 'HI', '233', '2017-02-23 00:51:20', '2017-02-23 00:51:20', 'a7f0b466-c044-4de2-a47a-29f7b6c41956'),
 ('34', 'Idaho', 'ID', '233', '2017-02-23 00:51:20', '2017-02-23 00:51:20', '157a0dec-ef76-4492-bb68-0dbf1b1deb75'),
 ('35', 'Illinois', 'IL', '233', '2017-02-23 00:51:20', '2017-02-23 00:51:20', '01d518e5-4d5a-4c43-a0d2-3e094dabc484'),
 ('36', 'Indiana', 'IN', '233', '2017-02-23 00:51:20', '2017-02-23 00:51:20', '65947caa-342f-4198-89e8-0fe097855922'),
 ('37', 'Iowa', 'IA', '233', '2017-02-23 00:51:20', '2017-02-23 00:51:20', 'eb2f525b-3459-449a-bcde-3888bc8d2ca2'),
 ('38', 'Kansas', 'KS', '233', '2017-02-23 00:51:20', '2017-02-23 00:51:20', '7dd101e9-3b01-4936-b3be-8a3aa091f05f'),
 ('39', 'Kentucky', 'KY', '233', '2017-02-23 00:51:20', '2017-02-23 00:51:20', 'be21dd06-9f26-4e17-9e3a-35fb5437f41d'),
 ('40', 'Louisiana', 'LA', '233', '2017-02-23 00:51:20', '2017-02-23 00:51:20', '7529c683-c150-420a-8fad-505da939769c'),
 ('41', 'Maine', 'ME', '233', '2017-02-23 00:51:20', '2017-02-23 00:51:20', '8ddd4c9e-2cda-4cd0-bac4-89acad4be14d'),
 ('42', 'Maryland', 'MD', '233', '2017-02-23 00:51:20', '2017-02-23 00:51:20', '677ec16d-b5af-44e3-b3be-7dd7f28fb1ec'),
 ('43', 'Massachusetts', 'MA', '233', '2017-02-23 00:51:20', '2017-02-23 00:51:20', '09ec60ba-e9d1-4b66-8443-019c65d39bb5'),
 ('44', 'Michigan', 'MI', '233', '2017-02-23 00:51:20', '2017-02-23 00:51:20', 'aafb11a8-f980-4ad6-a4a7-e7703cf4bc03'),
 ('45', 'Minnesota', 'MN', '233', '2017-02-23 00:51:20', '2017-02-23 00:51:20', '79760d0f-83ce-4805-b009-f2390ed878ab'),
 ('46', 'Mississippi', 'MS', '233', '2017-02-23 00:51:20', '2017-02-23 00:51:20', '321433ff-af49-400e-b88e-0432da5cf35c'),
 ('47', 'Missouri', 'MO', '233', '2017-02-23 00:51:20', '2017-02-23 00:51:20', '365377e1-c053-4283-ad70-f048d617c493'),
 ('48', 'Montana', 'MT', '233', '2017-02-23 00:51:20', '2017-02-23 00:51:20', '80fcd276-c7f6-4042-97ae-cd11d5e7c690'),
 ('49', 'Nebraska', 'NE', '233', '2017-02-23 00:51:20', '2017-02-23 00:51:20', 'adeecea5-fc1b-4954-a35e-1869f915615b'),
 ('50', 'Nevada', 'NV', '233', '2017-02-23 00:51:20', '2017-02-23 00:51:20', 'd643a6dd-beac-42b2-a5d8-edb1ff684828'),
 ('51', 'New Hampshire', 'NH', '233', '2017-02-23 00:51:20', '2017-02-23 00:51:20', '59659c02-a75a-4aed-9699-992b1f271a65'),
 ('52', 'New Jersey', 'NJ', '233', '2017-02-23 00:51:20', '2017-02-23 00:51:20', '7cbfce13-df71-401b-89bd-3a1f08ec701d'),
 ('53', 'New Mexico', 'NM', '233', '2017-02-23 00:51:20', '2017-02-23 00:51:20', 'a3ed5e4b-0372-494b-b533-10a2c7451c60'),
 ('54', 'New York', 'NY', '233', '2017-02-23 00:51:20', '2017-02-23 00:51:20', '5c908a40-29a4-4659-8b7d-b77a5b74ad8e'),
 ('55', 'North Carolina', 'NC', '233', '2017-02-23 00:51:20', '2017-02-23 00:51:20', 'f5ddb575-e174-4089-b732-b738f15c5615'),
 ('56', 'North Dakota', 'ND', '233', '2017-02-23 00:51:20', '2017-02-23 00:51:20', 'b6c3c8d9-9253-4cfa-8cd0-2681fcdaf773'),
 ('57', 'Ohio', 'OH', '233', '2017-02-23 00:51:20', '2017-02-23 00:51:20', '801cd772-8e5f-4d29-a8f0-01454dc29217'),
 ('58', 'Oklahoma', 'OK', '233', '2017-02-23 00:51:20', '2017-02-23 00:51:20', '54ed1ab7-7397-43b1-8d0c-1cbfed406c66'),
 ('59', 'Oregon', 'OR', '233', '2017-02-23 00:51:20', '2017-02-23 00:51:20', '3a6226f6-935f-4245-988c-26cf02389b4f'),
 ('60', 'Pennsylvania', 'PA', '233', '2017-02-23 00:51:20', '2017-02-23 00:51:20', '5e40031f-afc8-4748-b543-135e94fc4279'),
 ('61', 'Rhode Island', 'RI', '233', '2017-02-23 00:51:20', '2017-02-23 00:51:20', '652fafc2-cc0b-46b7-b8bd-1995c92e99e8'),
 ('62', 'South Carolina', 'SC', '233', '2017-02-23 00:51:20', '2017-02-23 00:51:20', '72914a12-4c4d-47bd-a2ae-a54f69680b28'),
 ('63', 'South Dakota', 'SD', '233', '2017-02-23 00:51:20', '2017-02-23 00:51:20', '1417e82c-c31e-4d53-b66b-f850ab55252c'),
 ('64', 'Tennessee', 'TN', '233', '2017-02-23 00:51:20', '2017-02-23 00:51:20', 'a283b420-3323-4ca3-9442-1f571075d788'),
 ('65', 'Texas', 'TX', '233', '2017-02-23 00:51:20', '2017-02-23 00:51:20', 'ebe32450-e7be-4ae1-b036-7108b2514b82'),
 ('66', 'Utah', 'UT', '233', '2017-02-23 00:51:20', '2017-02-23 00:51:20', '726b8750-5e1a-45f4-a5c6-85f2e131712e'),
 ('67', 'Vermont', 'VT', '233', '2017-02-23 00:51:20', '2017-02-23 00:51:20', '2dc143fa-4538-4f4c-b3c1-8e829c957529'),
 ('68', 'Virginia', 'VA', '233', '2017-02-23 00:51:20', '2017-02-23 00:51:20', '71a1b656-0086-4a94-a22a-6eaf0dda4c1b'),
 ('69', 'Washington', 'WA', '233', '2017-02-23 00:51:20', '2017-02-23 00:51:20', '65f94912-d4d3-4443-99f0-9e0ac4f8193a'),
 ('70', 'West Virginia', 'WV', '233', '2017-02-23 00:51:20', '2017-02-23 00:51:20', '0fdb0af0-4f32-44ee-8347-be0897872e1d'),
 ('71', 'Wisconsin', 'WI', '233', '2017-02-23 00:51:20', '2017-02-23 00:51:20', '001ecef1-9196-422a-bec5-f8f52fd9e53e'),
 ('72', 'Wyoming', 'WY', '233', '2017-02-23 00:51:20', '2017-02-23 00:51:20', '1b32b1fe-ecab-4b02-9fc9-c731df611afe');



DROP TABLE IF EXISTS `02fis_commerce_taxcategories`;


--
-- Schema for table `02fis_commerce_taxcategories`
--
CREATE TABLE `02fis_commerce_taxcategories` (
  `id` int(11) NOT NULL AUTO_INCREMENT,
  `name` varchar(255) COLLATE utf8_unicode_ci NOT NULL,
  `handle` varchar(255) COLLATE utf8_unicode_ci NOT NULL,
  `description` varchar(255) COLLATE utf8_unicode_ci DEFAULT NULL,
  `default` tinyint(1) unsigned NOT NULL DEFAULT '0',
  `dateCreated` datetime NOT NULL,
  `dateUpdated` datetime NOT NULL,
  `uid` char(36) COLLATE utf8_unicode_ci NOT NULL DEFAULT '0',
  PRIMARY KEY (`id`),
  UNIQUE KEY `02fis_commerce_taxcategories_handle_unq_idx` (`handle`)
) ENGINE=InnoDB AUTO_INCREMENT=2 DEFAULT CHARSET=utf8 COLLATE=utf8_unicode_ci;

--
-- Data for table `02fis_commerce_taxcategories`
--

INSERT INTO `02fis_commerce_taxcategories` (`id`, `name`, `handle`, `description`, `default`, `dateCreated`, `dateUpdated`, `uid`) VALUES
 ('1', 'General', 'general', NULL, '1', '2017-02-23 00:51:18', '2017-02-23 00:51:18', '70f7209b-15d4-418e-bea9-b03445655286');



DROP TABLE IF EXISTS `02fis_commerce_taxrates`;


--
-- Schema for table `02fis_commerce_taxrates`
--
CREATE TABLE `02fis_commerce_taxrates` (
  `id` int(11) NOT NULL AUTO_INCREMENT,
  `taxZoneId` int(11) NOT NULL,
  `taxCategoryId` int(11) NOT NULL,
  `name` varchar(255) COLLATE utf8_unicode_ci NOT NULL,
  `rate` decimal(14,4) NOT NULL,
  `include` tinyint(1) unsigned NOT NULL DEFAULT '0',
  `isVat` tinyint(1) unsigned NOT NULL DEFAULT '0',
  `taxable` enum('price','shipping','price_shipping') COLLATE utf8_unicode_ci NOT NULL,
  `dateCreated` datetime NOT NULL,
  `dateUpdated` datetime NOT NULL,
  `uid` char(36) COLLATE utf8_unicode_ci NOT NULL DEFAULT '0',
  PRIMARY KEY (`id`),
  KEY `02fis_commerce_taxrates_taxZoneId_idx` (`taxZoneId`),
  KEY `02fis_commerce_taxrates_taxCategoryId_idx` (`taxCategoryId`)
) ENGINE=InnoDB DEFAULT CHARSET=utf8 COLLATE=utf8_unicode_ci;

DROP TABLE IF EXISTS `02fis_commerce_taxzone_countries`;


--
-- Schema for table `02fis_commerce_taxzone_countries`
--
CREATE TABLE `02fis_commerce_taxzone_countries` (
  `id` int(11) NOT NULL AUTO_INCREMENT,
  `taxZoneId` int(11) NOT NULL,
  `countryId` int(11) NOT NULL,
  `dateCreated` datetime NOT NULL,
  `dateUpdated` datetime NOT NULL,
  `uid` char(36) COLLATE utf8_unicode_ci NOT NULL DEFAULT '0',
  PRIMARY KEY (`id`),
  UNIQUE KEY `02fis_commerce_taxzone_countries_taxZoneId_countryId_unq_idx` (`taxZoneId`,`countryId`),
  KEY `02fis_commerce_taxzone_countries_taxZoneId_idx` (`taxZoneId`),
  KEY `02fis_commerce_taxzone_countries_countryId_idx` (`countryId`)
) ENGINE=InnoDB DEFAULT CHARSET=utf8 COLLATE=utf8_unicode_ci;

DROP TABLE IF EXISTS `02fis_commerce_taxzone_states`;


--
-- Schema for table `02fis_commerce_taxzone_states`
--
CREATE TABLE `02fis_commerce_taxzone_states` (
  `id` int(11) NOT NULL AUTO_INCREMENT,
  `taxZoneId` int(11) NOT NULL,
  `stateId` int(11) NOT NULL,
  `dateCreated` datetime NOT NULL,
  `dateUpdated` datetime NOT NULL,
  `uid` char(36) COLLATE utf8_unicode_ci NOT NULL DEFAULT '0',
  PRIMARY KEY (`id`),
  UNIQUE KEY `02fis_commerce_taxzone_states_taxZoneId_stateId_unq_idx` (`taxZoneId`,`stateId`),
  KEY `02fis_commerce_taxzone_states_taxZoneId_idx` (`taxZoneId`),
  KEY `02fis_commerce_taxzone_states_stateId_idx` (`stateId`)
) ENGINE=InnoDB DEFAULT CHARSET=utf8 COLLATE=utf8_unicode_ci;

DROP TABLE IF EXISTS `02fis_commerce_taxzones`;


--
-- Schema for table `02fis_commerce_taxzones`
--
CREATE TABLE `02fis_commerce_taxzones` (
  `id` int(11) NOT NULL AUTO_INCREMENT,
  `name` varchar(255) COLLATE utf8_unicode_ci NOT NULL,
  `description` varchar(255) COLLATE utf8_unicode_ci DEFAULT NULL,
  `countryBased` tinyint(1) unsigned NOT NULL DEFAULT '1',
  `default` tinyint(1) unsigned NOT NULL DEFAULT '0',
  `dateCreated` datetime NOT NULL,
  `dateUpdated` datetime NOT NULL,
  `uid` char(36) COLLATE utf8_unicode_ci NOT NULL DEFAULT '0',
  PRIMARY KEY (`id`),
  UNIQUE KEY `02fis_commerce_taxzones_name_unq_idx` (`name`)
) ENGINE=InnoDB DEFAULT CHARSET=utf8 COLLATE=utf8_unicode_ci;

DROP TABLE IF EXISTS `02fis_commerce_transactions`;


--
-- Schema for table `02fis_commerce_transactions`
--
CREATE TABLE `02fis_commerce_transactions` (
  `id` int(11) NOT NULL AUTO_INCREMENT,
  `parentId` int(11) DEFAULT NULL,
  `paymentMethodId` int(11) DEFAULT NULL,
  `userId` int(11) DEFAULT NULL,
  `hash` varchar(32) COLLATE utf8_unicode_ci DEFAULT NULL,
  `type` enum('authorize','capture','purchase','refund') COLLATE utf8_unicode_ci NOT NULL,
  `amount` decimal(14,4) DEFAULT NULL,
  `paymentAmount` decimal(14,4) DEFAULT NULL,
  `currency` varchar(255) COLLATE utf8_unicode_ci DEFAULT NULL,
  `paymentCurrency` varchar(255) COLLATE utf8_unicode_ci DEFAULT NULL,
  `paymentRate` decimal(14,4) DEFAULT NULL,
  `status` enum('pending','redirect','success','failed') COLLATE utf8_unicode_ci NOT NULL,
  `reference` varchar(255) COLLATE utf8_unicode_ci DEFAULT NULL,
  `code` varchar(255) COLLATE utf8_unicode_ci DEFAULT NULL,
  `message` text COLLATE utf8_unicode_ci,
  `response` text COLLATE utf8_unicode_ci,
  `orderId` int(10) NOT NULL,
  `dateCreated` datetime NOT NULL,
  `dateUpdated` datetime NOT NULL,
  `uid` char(36) COLLATE utf8_unicode_ci NOT NULL DEFAULT '0',
  PRIMARY KEY (`id`),
  KEY `02fis_commerce_transactions_parentId_fk` (`parentId`),
  KEY `02fis_commerce_transactions_paymentMethodId_fk` (`paymentMethodId`),
  KEY `02fis_commerce_transactions_orderId_fk` (`orderId`),
  KEY `02fis_commerce_transactions_userId_fk` (`userId`)
) ENGINE=InnoDB DEFAULT CHARSET=utf8 COLLATE=utf8_unicode_ci;

DROP TABLE IF EXISTS `02fis_commerce_variants`;


--
-- Schema for table `02fis_commerce_variants`
--
CREATE TABLE `02fis_commerce_variants` (
  `productId` int(11) DEFAULT NULL,
  `id` int(11) NOT NULL,
  `sku` varchar(255) COLLATE utf8_unicode_ci NOT NULL,
  `isDefault` tinyint(1) unsigned NOT NULL DEFAULT '0',
  `price` decimal(14,4) NOT NULL,
  `sortOrder` int(10) DEFAULT NULL,
  `width` decimal(14,4) DEFAULT NULL,
  `height` decimal(14,4) DEFAULT NULL,
  `length` decimal(14,4) DEFAULT NULL,
  `weight` decimal(14,4) DEFAULT NULL,
  `stock` int(10) NOT NULL DEFAULT '0',
  `unlimitedStock` tinyint(1) unsigned NOT NULL DEFAULT '0',
  `minQty` int(10) DEFAULT NULL,
  `maxQty` int(10) DEFAULT NULL,
  `dateCreated` datetime NOT NULL,
  `dateUpdated` datetime NOT NULL,
  `uid` char(36) COLLATE utf8_unicode_ci NOT NULL DEFAULT '0',
  PRIMARY KEY (`id`),
  UNIQUE KEY `02fis_commerce_variants_sku_unq_idx` (`sku`),
  KEY `02fis_commerce_variants_productId_fk` (`productId`)
) ENGINE=InnoDB DEFAULT CHARSET=utf8 COLLATE=utf8_unicode_ci;

--
-- Data for table `02fis_commerce_variants`
--

INSERT INTO `02fis_commerce_variants` (`productId`, `id`, `sku`, `isDefault`, `price`, `sortOrder`, `width`, `height`, `length`, `weight`, `stock`, `unlimitedStock`, `minQty`, `maxQty`, `dateCreated`, `dateUpdated`, `uid`) VALUES
 ('4', '5', 'A New Toga', '1', '10.0000', NULL, '0.0000', '0.0000', '0.0000', '0.0000', '0', '1', NULL, NULL, '2017-02-23 00:51:19', '2017-02-23 00:51:19', '862f5b5a-04c2-45cc-9b97-872048b59752'),
 ('6', '7', 'Parka with Stripes on Back', '1', '20.0000', NULL, '0.0000', '0.0000', '0.0000', '0.0000', '0', '1', NULL, NULL, '2017-02-23 00:51:19', '2017-02-23 00:51:19', '0e687ce8-05a9-43be-9c15-7b93d210dd43'),
 ('8', '9', 'Romper for a Red Eye', '1', '30.0000', NULL, '0.0000', '0.0000', '0.0000', '0.0000', '0', '1', NULL, NULL, '2017-02-23 00:51:19', '2017-02-23 00:51:19', '3f5985fb-5c1b-46f4-97ab-7203be547f0b'),
 ('10', '11', 'The Fleece Awakens', '1', '40.0000', NULL, '0.0000', '0.0000', '0.0000', '0.0000', '0', '1', NULL, NULL, '2017-02-23 00:51:19', '2017-02-23 00:51:19', '88d970bd-3fcf-46e4-b167-362947a7d797');



DROP TABLE IF EXISTS `02fis_content`;


--
-- Schema for table `02fis_content`
--
CREATE TABLE `02fis_content` (
  `id` int(11) NOT NULL AUTO_INCREMENT,
  `elementId` int(11) NOT NULL,
  `locale` char(12) COLLATE utf8_unicode_ci NOT NULL,
  `title` varchar(255) COLLATE utf8_unicode_ci DEFAULT NULL,
  `field_body` text COLLATE utf8_unicode_ci,
  `dateCreated` datetime NOT NULL,
  `dateUpdated` datetime NOT NULL,
  `uid` char(36) COLLATE utf8_unicode_ci NOT NULL DEFAULT '0',
  PRIMARY KEY (`id`),
  UNIQUE KEY `02fis_content_elementId_locale_unq_idx` (`elementId`,`locale`),
  KEY `02fis_content_title_idx` (`title`),
  KEY `02fis_content_locale_fk` (`locale`)
) ENGINE=InnoDB AUTO_INCREMENT=12 DEFAULT CHARSET=utf8 COLLATE=utf8_unicode_ci;

--
-- Data for table `02fis_content`
--

INSERT INTO `02fis_content` (`id`, `elementId`, `locale`, `title`, `field_body`, `dateCreated`, `dateUpdated`, `uid`) VALUES
 ('1', '1', 'en_ca', NULL, NULL, '2017-02-22 21:57:01', '2017-02-22 21:57:01', 'b9a6b2bb-a8e4-4242-a039-a54a7956a122'),
 ('2', '2', 'en_ca', 'Welcome to Queef.dev!', '<p>Its true, this site doesnt have a whole lot of content yet, but dont worry. Our web developers have just installed the CMS, and theyre setting things up for the content editors this very moment. Soon Queef.dev will be an oasis of fresh perspectives, sharp analyses, and astute opinions that will keep you coming back again and again.</p>', '2017-02-22 21:57:03', '2017-02-22 21:57:03', '4905cd91-d1fe-468c-8ffb-d4d48d7b983f'),
 ('3', '3', 'en_ca', 'We just installed Craft!', '<p>Craft is the CMS thats powering Queef.dev. Its beautiful, powerful, flexible, and easy-to-use, and its made by Pixel &amp; Tonic. We cant wait to dive in and see what its capable of!</p><!--pagebreak--><p>This is even more captivating content, which you couldnt see on the News index page because it was entered after a Page Break, and the News index template only likes to show the content on the first page.</p><p>Craft: a nice alternative to Word, if youre making a website.</p>', '2017-02-22 21:57:03', '2017-02-22 21:57:03', '46cfc859-3ad9-4253-a45d-ab15ca0dac38'),
 ('4', '4', 'en_ca', 'A New Toga', NULL, '2017-02-23 00:51:18', '2017-02-23 00:51:18', '0a68e7f8-8f2b-4149-b362-6523eda1f7c7'),
 ('5', '5', 'en_ca', 'A New Toga', NULL, '2017-02-23 00:51:19', '2017-02-23 00:51:19', '649227b0-6fc1-490f-93b4-300e80b6768c'),
 ('6', '6', 'en_ca', 'Parka with Stripes on Back', NULL, '2017-02-23 00:51:19', '2017-02-23 00:51:19', '9062437e-9467-4618-9f73-ff3ba7271b06'),
 ('7', '7', 'en_ca', 'Parka with Stripes on Back', NULL, '2017-02-23 00:51:19', '2017-02-23 00:51:19', '7bdae20d-3a31-4e8f-9ca2-577f6f64732b'),
 ('8', '8', 'en_ca', 'Romper for a Red Eye', NULL, '2017-02-23 00:51:19', '2017-02-23 00:51:19', '0974edfe-f1bf-4bbb-9231-b23a3138af77'),
 ('9', '9', 'en_ca', 'Romper for a Red Eye', NULL, '2017-02-23 00:51:19', '2017-02-23 00:51:19', 'a527f17e-0ba1-4560-9fb1-9d062e16d6ee'),
 ('10', '10', 'en_ca', 'The Fleece Awakens', NULL, '2017-02-23 00:51:19', '2017-02-23 00:51:19', '8c3461ac-e958-4961-b2d9-7a806b817007'),
 ('11', '11', 'en_ca', 'The Fleece Awakens', NULL, '2017-02-23 00:51:19', '2017-02-23 00:51:19', 'e8cec555-c13c-4351-b90a-222f58ebab96');



DROP TABLE IF EXISTS `02fis_deprecationerrors`;


--
-- Schema for table `02fis_deprecationerrors`
--
CREATE TABLE `02fis_deprecationerrors` (
  `id` int(11) NOT NULL AUTO_INCREMENT,
  `key` varchar(255) COLLATE utf8_unicode_ci NOT NULL,
  `fingerprint` varchar(255) COLLATE utf8_unicode_ci NOT NULL,
  `lastOccurrence` datetime NOT NULL,
  `file` varchar(255) COLLATE utf8_unicode_ci NOT NULL,
  `line` smallint(6) unsigned NOT NULL,
  `class` varchar(255) COLLATE utf8_unicode_ci DEFAULT NULL,
  `method` varchar(255) COLLATE utf8_unicode_ci DEFAULT NULL,
  `template` varchar(255) COLLATE utf8_unicode_ci DEFAULT NULL,
  `templateLine` smallint(6) unsigned DEFAULT NULL,
  `message` varchar(255) COLLATE utf8_unicode_ci DEFAULT NULL,
  `traces` text COLLATE utf8_unicode_ci,
  `dateCreated` datetime NOT NULL,
  `dateUpdated` datetime NOT NULL,
  `uid` char(36) COLLATE utf8_unicode_ci NOT NULL DEFAULT '0',
  PRIMARY KEY (`id`),
  UNIQUE KEY `02fis_deprecationerrors_key_fingerprint_unq_idx` (`key`,`fingerprint`)
) ENGINE=InnoDB DEFAULT CHARSET=utf8 COLLATE=utf8_unicode_ci;

DROP TABLE IF EXISTS `02fis_elementindexsettings`;


--
-- Schema for table `02fis_elementindexsettings`
--
CREATE TABLE `02fis_elementindexsettings` (
  `id` int(11) NOT NULL AUTO_INCREMENT,
  `type` varchar(150) COLLATE utf8_unicode_ci NOT NULL,
  `settings` text COLLATE utf8_unicode_ci,
  `dateCreated` datetime NOT NULL,
  `dateUpdated` datetime NOT NULL,
  `uid` char(36) COLLATE utf8_unicode_ci NOT NULL DEFAULT '0',
  PRIMARY KEY (`id`),
  UNIQUE KEY `02fis_elementindexsettings_type_unq_idx` (`type`)
) ENGINE=InnoDB DEFAULT CHARSET=utf8 COLLATE=utf8_unicode_ci;

DROP TABLE IF EXISTS `02fis_elements`;


--
-- Schema for table `02fis_elements`
--
CREATE TABLE `02fis_elements` (
  `id` int(11) NOT NULL AUTO_INCREMENT,
  `type` varchar(150) COLLATE utf8_unicode_ci NOT NULL,
  `enabled` tinyint(1) unsigned NOT NULL DEFAULT '1',
  `archived` tinyint(1) unsigned NOT NULL DEFAULT '0',
  `dateCreated` datetime NOT NULL,
  `dateUpdated` datetime NOT NULL,
  `uid` char(36) COLLATE utf8_unicode_ci NOT NULL DEFAULT '0',
  PRIMARY KEY (`id`),
  KEY `02fis_elements_type_idx` (`type`),
  KEY `02fis_elements_enabled_idx` (`enabled`),
  KEY `02fis_elements_archived_dateCreated_idx` (`archived`,`dateCreated`)
) ENGINE=InnoDB AUTO_INCREMENT=12 DEFAULT CHARSET=utf8 COLLATE=utf8_unicode_ci;

--
-- Data for table `02fis_elements`
--

INSERT INTO `02fis_elements` (`id`, `type`, `enabled`, `archived`, `dateCreated`, `dateUpdated`, `uid`) VALUES
 ('1', 'User', '1', '0', '2017-02-22 21:57:01', '2017-02-22 21:57:01', '00acca16-e4e3-4610-bf09-818224b53258'),
 ('2', 'Entry', '1', '0', '2017-02-22 21:57:03', '2017-02-22 21:57:03', 'cba07c4d-2a33-48d0-ba6a-08af757cf37e'),
 ('3', 'Entry', '1', '0', '2017-02-22 21:57:03', '2017-02-22 21:57:03', '5e703a7c-c49f-4244-91cb-f5531f2ca3ed'),
 ('4', 'Commerce_Product', '1', '0', '2017-02-23 00:51:18', '2017-02-23 00:51:18', '58a40a20-248c-4864-a9c2-9f43e582cd75'),
 ('5', 'Commerce_Variant', '1', '0', '2017-02-23 00:51:19', '2017-02-23 00:51:19', '690361da-e293-46d4-a00e-d0985dd2633a'),
 ('6', 'Commerce_Product', '1', '0', '2017-02-23 00:51:19', '2017-02-23 00:51:19', '0dc7b932-f24f-4f6b-9607-5eb24d0098ef'),
 ('7', 'Commerce_Variant', '1', '0', '2017-02-23 00:51:19', '2017-02-23 00:51:19', '234d3021-48da-4d5a-8302-7acc98b99a9c'),
 ('8', 'Commerce_Product', '1', '0', '2017-02-23 00:51:19', '2017-02-23 00:51:19', '691f13ac-3d14-4f91-9761-c87b4694a2e8'),
 ('9', 'Commerce_Variant', '1', '0', '2017-02-23 00:51:19', '2017-02-23 00:51:19', 'bf4b21c7-4bf7-4b3d-83e1-2cad0799f9cd'),
 ('10', 'Commerce_Product', '1', '0', '2017-02-23 00:51:19', '2017-02-23 00:51:19', '3937ea67-6bd2-405d-ad14-0965ddff8677'),
 ('11', 'Commerce_Variant', '1', '0', '2017-02-23 00:51:19', '2017-02-23 00:51:19', 'b58d9b86-34a6-4d3c-b192-7eb7acdf6161');



DROP TABLE IF EXISTS `02fis_elements_i18n`;


--
-- Schema for table `02fis_elements_i18n`
--
CREATE TABLE `02fis_elements_i18n` (
  `id` int(11) NOT NULL AUTO_INCREMENT,
  `elementId` int(11) NOT NULL,
  `locale` char(12) COLLATE utf8_unicode_ci NOT NULL,
  `slug` varchar(255) COLLATE utf8_unicode_ci DEFAULT NULL,
  `uri` varchar(255) COLLATE utf8_unicode_ci DEFAULT NULL,
  `enabled` tinyint(1) unsigned NOT NULL DEFAULT '1',
  `dateCreated` datetime NOT NULL,
  `dateUpdated` datetime NOT NULL,
  `uid` char(36) COLLATE utf8_unicode_ci NOT NULL DEFAULT '0',
  PRIMARY KEY (`id`),
  UNIQUE KEY `02fis_elements_i18n_elementId_locale_unq_idx` (`elementId`,`locale`),
  UNIQUE KEY `02fis_elements_i18n_uri_locale_unq_idx` (`uri`,`locale`),
  KEY `02fis_elements_i18n_slug_locale_idx` (`slug`,`locale`),
  KEY `02fis_elements_i18n_enabled_idx` (`enabled`),
  KEY `02fis_elements_i18n_locale_fk` (`locale`)
) ENGINE=InnoDB AUTO_INCREMENT=12 DEFAULT CHARSET=utf8 COLLATE=utf8_unicode_ci;

--
-- Data for table `02fis_elements_i18n`
--

INSERT INTO `02fis_elements_i18n` (`id`, `elementId`, `locale`, `slug`, `uri`, `enabled`, `dateCreated`, `dateUpdated`, `uid`) VALUES
 ('1', '1', 'en_ca', '', NULL, '1', '2017-02-22 21:57:01', '2017-02-22 21:57:01', 'efebd771-fb73-410b-a4c1-66cc82aa4ad2'),
 ('2', '2', 'en_ca', 'homepage', '__home__', '1', '2017-02-22 21:57:03', '2017-02-22 21:57:03', 'a52939c0-5bc4-4fd8-b82f-82c81e087208'),
 ('3', '3', 'en_ca', 'we-just-installed-craft', 'news/2017/we-just-installed-craft', '1', '2017-02-22 21:57:03', '2017-02-22 21:57:03', '95372f63-d23c-496e-b6b0-114156a81644'),
 ('4', '4', 'en_ca', 'a-new-toga', 'shop/products/a-new-toga', '1', '2017-02-23 00:51:19', '2017-02-23 00:51:19', '00a28e8e-9fb2-424e-ac5e-e85d7e58b589'),
 ('5', '5', 'en_ca', 'a-new-toga', NULL, '1', '2017-02-23 00:51:19', '2017-02-23 00:51:19', '4b329580-d0f5-4996-81a9-4b36cf8c3379'),
 ('6', '6', 'en_ca', 'parka-with-stripes-on-back', 'shop/products/parka-with-stripes-on-back', '1', '2017-02-23 00:51:19', '2017-02-23 00:51:19', '44c49279-19b4-45aa-90f0-174eedda812b'),
 ('7', '7', 'en_ca', 'parka-with-stripes-on-back', NULL, '1', '2017-02-23 00:51:19', '2017-02-23 00:51:19', 'ede0f876-c162-4b14-a6c0-3fd9a7c85a18'),
 ('8', '8', 'en_ca', 'romper-for-a-red-eye', 'shop/products/romper-for-a-red-eye', '1', '2017-02-23 00:51:19', '2017-02-23 00:51:19', 'fdbf2a8a-9d41-4036-a3ce-1e65cddde70a'),
 ('9', '9', 'en_ca', 'romper-for-a-red-eye', NULL, '1', '2017-02-23 00:51:19', '2017-02-23 00:51:19', 'c2e0939c-7546-4cb6-af8e-e4e22593dcb1'),
 ('10', '10', 'en_ca', 'the-fleece-awakens', 'shop/products/the-fleece-awakens', '1', '2017-02-23 00:51:19', '2017-02-23 00:51:19', '620b69cc-e108-47b4-98c4-490e1c1eb777'),
 ('11', '11', 'en_ca', 'the-fleece-awakens', NULL, '1', '2017-02-23 00:51:19', '2017-02-23 00:51:19', 'b076f3f6-69a9-4b25-aa5d-d0991510f7d2');



DROP TABLE IF EXISTS `02fis_emailmessages`;


--
-- Schema for table `02fis_emailmessages`
--
CREATE TABLE `02fis_emailmessages` (
  `id` int(11) NOT NULL AUTO_INCREMENT,
  `key` char(150) COLLATE utf8_unicode_ci NOT NULL,
  `locale` char(12) COLLATE utf8_unicode_ci NOT NULL,
  `subject` varchar(1000) COLLATE utf8_unicode_ci NOT NULL,
  `body` text COLLATE utf8_unicode_ci NOT NULL,
  `dateCreated` datetime NOT NULL,
  `dateUpdated` datetime NOT NULL,
  `uid` char(36) COLLATE utf8_unicode_ci NOT NULL DEFAULT '0',
  PRIMARY KEY (`id`),
  UNIQUE KEY `02fis_emailmessages_key_locale_unq_idx` (`key`,`locale`),
  KEY `02fis_emailmessages_locale_fk` (`locale`)
) ENGINE=InnoDB DEFAULT CHARSET=utf8 COLLATE=utf8_unicode_ci;

DROP TABLE IF EXISTS `02fis_entries`;


--
-- Schema for table `02fis_entries`
--
CREATE TABLE `02fis_entries` (
  `id` int(11) NOT NULL,
  `sectionId` int(11) NOT NULL,
  `typeId` int(11) DEFAULT NULL,
  `authorId` int(11) DEFAULT NULL,
  `postDate` datetime DEFAULT NULL,
  `expiryDate` datetime DEFAULT NULL,
  `dateCreated` datetime NOT NULL,
  `dateUpdated` datetime NOT NULL,
  `uid` char(36) COLLATE utf8_unicode_ci NOT NULL DEFAULT '0',
  PRIMARY KEY (`id`),
  KEY `02fis_entries_sectionId_idx` (`sectionId`),
  KEY `02fis_entries_typeId_idx` (`typeId`),
  KEY `02fis_entries_postDate_idx` (`postDate`),
  KEY `02fis_entries_expiryDate_idx` (`expiryDate`),
  KEY `02fis_entries_authorId_fk` (`authorId`)
) ENGINE=InnoDB DEFAULT CHARSET=utf8 COLLATE=utf8_unicode_ci;

--
-- Data for table `02fis_entries`
--

INSERT INTO `02fis_entries` (`id`, `sectionId`, `typeId`, `authorId`, `postDate`, `expiryDate`, `dateCreated`, `dateUpdated`, `uid`) VALUES
 ('2', '1', NULL, NULL, '2017-02-22 21:57:02', NULL, '2017-02-22 21:57:03', '2017-02-22 21:57:03', 'f5918567-9231-4327-848b-268924ff203a'),
 ('3', '2', '2', '1', '2017-02-22 21:57:03', NULL, '2017-02-22 21:57:03', '2017-02-22 21:57:03', 'a9c1a532-a33d-4ffc-959d-9cef50735868');



DROP TABLE IF EXISTS `02fis_entrydrafts`;


--
-- Schema for table `02fis_entrydrafts`
--
CREATE TABLE `02fis_entrydrafts` (
  `id` int(11) NOT NULL AUTO_INCREMENT,
  `entryId` int(11) NOT NULL,
  `sectionId` int(11) NOT NULL,
  `creatorId` int(11) NOT NULL,
  `locale` char(12) COLLATE utf8_unicode_ci NOT NULL,
  `name` varchar(255) COLLATE utf8_unicode_ci NOT NULL,
  `notes` tinytext COLLATE utf8_unicode_ci,
  `data` mediumtext COLLATE utf8_unicode_ci NOT NULL,
  `dateCreated` datetime NOT NULL,
  `dateUpdated` datetime NOT NULL,
  `uid` char(36) COLLATE utf8_unicode_ci NOT NULL DEFAULT '0',
  PRIMARY KEY (`id`),
  KEY `02fis_entrydrafts_entryId_locale_idx` (`entryId`,`locale`),
  KEY `02fis_entrydrafts_sectionId_fk` (`sectionId`),
  KEY `02fis_entrydrafts_creatorId_fk` (`creatorId`),
  KEY `02fis_entrydrafts_locale_fk` (`locale`)
) ENGINE=InnoDB DEFAULT CHARSET=utf8 COLLATE=utf8_unicode_ci;

DROP TABLE IF EXISTS `02fis_entrytypes`;


--
-- Schema for table `02fis_entrytypes`
--
CREATE TABLE `02fis_entrytypes` (
  `id` int(11) NOT NULL AUTO_INCREMENT,
  `sectionId` int(11) NOT NULL,
  `fieldLayoutId` int(11) DEFAULT NULL,
  `name` varchar(255) COLLATE utf8_unicode_ci NOT NULL,
  `handle` varchar(255) COLLATE utf8_unicode_ci NOT NULL,
  `hasTitleField` tinyint(1) unsigned NOT NULL DEFAULT '1',
  `titleLabel` varchar(255) COLLATE utf8_unicode_ci DEFAULT 'Title',
  `titleFormat` varchar(255) COLLATE utf8_unicode_ci DEFAULT NULL,
  `sortOrder` smallint(6) unsigned DEFAULT NULL,
  `dateCreated` datetime NOT NULL,
  `dateUpdated` datetime NOT NULL,
  `uid` char(36) COLLATE utf8_unicode_ci NOT NULL DEFAULT '0',
  PRIMARY KEY (`id`),
  UNIQUE KEY `02fis_entrytypes_name_sectionId_unq_idx` (`name`,`sectionId`),
  UNIQUE KEY `02fis_entrytypes_handle_sectionId_unq_idx` (`handle`,`sectionId`),
  KEY `02fis_entrytypes_sectionId_fk` (`sectionId`),
  KEY `02fis_entrytypes_fieldLayoutId_fk` (`fieldLayoutId`)
) ENGINE=InnoDB AUTO_INCREMENT=3 DEFAULT CHARSET=utf8 COLLATE=utf8_unicode_ci;

--
-- Data for table `02fis_entrytypes`
--

INSERT INTO `02fis_entrytypes` (`id`, `sectionId`, `fieldLayoutId`, `name`, `handle`, `hasTitleField`, `titleLabel`, `titleFormat`, `sortOrder`, `dateCreated`, `dateUpdated`, `uid`) VALUES
 ('1', '1', '3', 'Homepage', 'homepage', '1', 'Title', NULL, '1', '2017-02-22 21:57:02', '2017-02-22 21:57:03', '7a6882ad-77d3-4a0c-9a2f-ece768340cc8'),
 ('2', '2', '5', 'News', 'news', '1', 'Title', NULL, '1', '2017-02-22 21:57:03', '2017-02-22 21:57:03', 'cdb13ebc-b3b4-4b9c-9540-28693ade615e');



DROP TABLE IF EXISTS `02fis_entryversions`;


--
-- Schema for table `02fis_entryversions`
--
CREATE TABLE `02fis_entryversions` (
  `id` int(11) NOT NULL AUTO_INCREMENT,
  `entryId` int(11) NOT NULL,
  `sectionId` int(11) NOT NULL,
  `creatorId` int(11) DEFAULT NULL,
  `locale` char(12) COLLATE utf8_unicode_ci NOT NULL,
  `num` smallint(6) unsigned NOT NULL,
  `notes` tinytext COLLATE utf8_unicode_ci,
  `data` mediumtext COLLATE utf8_unicode_ci NOT NULL,
  `dateCreated` datetime NOT NULL,
  `dateUpdated` datetime NOT NULL,
  `uid` char(36) COLLATE utf8_unicode_ci NOT NULL DEFAULT '0',
  PRIMARY KEY (`id`),
  KEY `02fis_entryversions_entryId_locale_idx` (`entryId`,`locale`),
  KEY `02fis_entryversions_sectionId_fk` (`sectionId`),
  KEY `02fis_entryversions_creatorId_fk` (`creatorId`),
  KEY `02fis_entryversions_locale_fk` (`locale`)
) ENGINE=InnoDB AUTO_INCREMENT=4 DEFAULT CHARSET=utf8 COLLATE=utf8_unicode_ci;

--
-- Data for table `02fis_entryversions`
--

INSERT INTO `02fis_entryversions` (`id`, `entryId`, `sectionId`, `creatorId`, `locale`, `num`, `notes`, `data`, `dateCreated`, `dateUpdated`, `uid`) VALUES
 ('1', '2', '1', '1', 'en_ca', '1', NULL, '{\"typeId\":\"1\",\"authorId\":null,\"title\":\"Homepage\",\"slug\":\"homepage\",\"postDate\":1487800622,\"expiryDate\":null,\"enabled\":1,\"parentId\":null,\"fields\":[]}', '2017-02-22 21:57:03', '2017-02-22 21:57:03', 'a73ecf90-bf16-4654-a9ed-137323d74dea'),
 ('2', '2', '1', '1', 'en_ca', '2', NULL, '{\"typeId\":null,\"authorId\":null,\"title\":\"Welcome to Queef.dev!\",\"slug\":\"homepage\",\"postDate\":1487800622,\"expiryDate\":null,\"enabled\":\"1\",\"parentId\":null,\"fields\":{\"1\":\"<p>It\\u2019s true, this site doesn\\u2019t have a whole lot of content yet, but don\\u2019t worry. Our web developers have just installed the CMS, and they\\u2019re setting things up for the content editors this very moment. Soon Queef.dev will be an oasis of fresh perspectives, sharp analyses, and astute opinions that will keep you coming back again and again.<\\/p>\"}}', '2017-02-22 21:57:03', '2017-02-22 21:57:03', '3ede4f5d-e315-4191-8423-7928f292168a'),
 ('3', '3', '2', '1', 'en_ca', '1', NULL, '{\"typeId\":\"2\",\"authorId\":\"1\",\"title\":\"We just installed Craft!\",\"slug\":\"we-just-installed-craft\",\"postDate\":1487800623,\"expiryDate\":null,\"enabled\":1,\"parentId\":null,\"fields\":[]}', '2017-02-22 21:57:03', '2017-02-22 21:57:03', '726dc701-eaea-4505-9709-3736eaea94c0');



DROP TABLE IF EXISTS `02fis_fieldgroups`;


--
-- Schema for table `02fis_fieldgroups`
--
CREATE TABLE `02fis_fieldgroups` (
  `id` int(11) NOT NULL AUTO_INCREMENT,
  `name` varchar(255) COLLATE utf8_unicode_ci NOT NULL,
  `dateCreated` datetime NOT NULL,
  `dateUpdated` datetime NOT NULL,
  `uid` char(36) COLLATE utf8_unicode_ci NOT NULL DEFAULT '0',
  PRIMARY KEY (`id`),
  UNIQUE KEY `02fis_fieldgroups_name_unq_idx` (`name`)
) ENGINE=InnoDB AUTO_INCREMENT=2 DEFAULT CHARSET=utf8 COLLATE=utf8_unicode_ci;

--
-- Data for table `02fis_fieldgroups`
--

INSERT INTO `02fis_fieldgroups` (`id`, `name`, `dateCreated`, `dateUpdated`, `uid`) VALUES
 ('1', 'Default', '2017-02-22 21:57:02', '2017-02-22 21:57:02', '48080e24-6596-4a89-ab56-85d167600e4e');



DROP TABLE IF EXISTS `02fis_fieldlayoutfields`;


--
-- Schema for table `02fis_fieldlayoutfields`
--
CREATE TABLE `02fis_fieldlayoutfields` (
  `id` int(11) NOT NULL AUTO_INCREMENT,
  `layoutId` int(11) NOT NULL,
  `tabId` int(11) NOT NULL,
  `fieldId` int(11) NOT NULL,
  `required` tinyint(1) unsigned NOT NULL DEFAULT '0',
  `sortOrder` smallint(6) unsigned DEFAULT NULL,
  `dateCreated` datetime NOT NULL,
  `dateUpdated` datetime NOT NULL,
  `uid` char(36) COLLATE utf8_unicode_ci NOT NULL DEFAULT '0',
  PRIMARY KEY (`id`),
  UNIQUE KEY `02fis_fieldlayoutfields_layoutId_fieldId_unq_idx` (`layoutId`,`fieldId`),
  KEY `02fis_fieldlayoutfields_sortOrder_idx` (`sortOrder`),
  KEY `02fis_fieldlayoutfields_tabId_fk` (`tabId`),
  KEY `02fis_fieldlayoutfields_fieldId_fk` (`fieldId`)
) ENGINE=InnoDB AUTO_INCREMENT=4 DEFAULT CHARSET=utf8 COLLATE=utf8_unicode_ci;

--
-- Data for table `02fis_fieldlayoutfields`
--

INSERT INTO `02fis_fieldlayoutfields` (`id`, `layoutId`, `tabId`, `fieldId`, `required`, `sortOrder`, `dateCreated`, `dateUpdated`, `uid`) VALUES
 ('1', '3', '1', '1', '1', '1', '2017-02-22 21:57:03', '2017-02-22 21:57:03', '054bf151-b554-4aab-902d-aa7753df63fa'),
 ('2', '5', '2', '1', '1', '1', '2017-02-22 21:57:03', '2017-02-22 21:57:03', '0743b50d-3b53-4467-85d6-78d67d69c756'),
 ('3', '5', '2', '2', '0', '2', '2017-02-22 21:57:03', '2017-02-22 21:57:03', '6a15d407-b073-4853-9805-c609545f12d5');



DROP TABLE IF EXISTS `02fis_fieldlayouts`;


--
-- Schema for table `02fis_fieldlayouts`
--
CREATE TABLE `02fis_fieldlayouts` (
  `id` int(11) NOT NULL AUTO_INCREMENT,
  `type` varchar(150) COLLATE utf8_unicode_ci NOT NULL,
  `dateCreated` datetime NOT NULL,
  `dateUpdated` datetime NOT NULL,
  `uid` char(36) COLLATE utf8_unicode_ci NOT NULL DEFAULT '0',
  PRIMARY KEY (`id`),
  KEY `02fis_fieldlayouts_type_idx` (`type`)
) ENGINE=InnoDB AUTO_INCREMENT=11 DEFAULT CHARSET=utf8 COLLATE=utf8_unicode_ci;

--
-- Data for table `02fis_fieldlayouts`
--

INSERT INTO `02fis_fieldlayouts` (`id`, `type`, `dateCreated`, `dateUpdated`, `uid`) VALUES
 ('1', 'Tag', '2017-02-22 21:57:02', '2017-02-22 21:57:02', '77887f44-1f23-4800-b841-b6fe8eff9070'),
 ('3', 'Entry', '2017-02-22 21:57:03', '2017-02-22 21:57:03', '8fd76183-6b1b-424c-8267-50378847153e'),
 ('5', 'Entry', '2017-02-22 21:57:03', '2017-02-22 21:57:03', '6c08e82c-31d5-4f2e-83e4-a6f23f13db80'),
 ('6', 'Commerce_Order', '2017-02-23 00:51:18', '2017-02-23 00:51:18', '5c4c2c50-dc6d-4b32-a153-3c30d914f6bc'),
 ('7', 'Commerce_Product', '2017-02-23 00:51:18', '2017-02-23 00:51:18', 'd1b705e1-06cd-4fc7-b79a-6f9310e73a6e'),
 ('8', 'Commerce_Variant', '2017-02-23 00:51:18', '2017-02-23 00:51:18', '877b1cc2-ae5e-4738-8966-0123c7647351'),
 ('9', 'Commerce_Product', '2017-02-23 00:51:18', '2017-02-23 00:51:18', '6926220e-7a12-4337-9b27-2ca4e44dbc6d'),
 ('10', 'Commerce_Variant', '2017-02-23 00:51:18', '2017-02-23 00:51:18', 'bfcedbb4-d6de-406c-9ff8-416dc2dcaae7');



DROP TABLE IF EXISTS `02fis_fieldlayouttabs`;


--
-- Schema for table `02fis_fieldlayouttabs`
--
CREATE TABLE `02fis_fieldlayouttabs` (
  `id` int(11) NOT NULL AUTO_INCREMENT,
  `layoutId` int(11) NOT NULL,
  `name` varchar(255) COLLATE utf8_unicode_ci NOT NULL,
  `sortOrder` smallint(6) unsigned DEFAULT NULL,
  `dateCreated` datetime NOT NULL,
  `dateUpdated` datetime NOT NULL,
  `uid` char(36) COLLATE utf8_unicode_ci NOT NULL DEFAULT '0',
  PRIMARY KEY (`id`),
  KEY `02fis_fieldlayouttabs_sortOrder_idx` (`sortOrder`),
  KEY `02fis_fieldlayouttabs_layoutId_fk` (`layoutId`)
) ENGINE=InnoDB AUTO_INCREMENT=3 DEFAULT CHARSET=utf8 COLLATE=utf8_unicode_ci;

--
-- Data for table `02fis_fieldlayouttabs`
--

INSERT INTO `02fis_fieldlayouttabs` (`id`, `layoutId`, `name`, `sortOrder`, `dateCreated`, `dateUpdated`, `uid`) VALUES
 ('1', '3', 'Content', '1', '2017-02-22 21:57:03', '2017-02-22 21:57:03', '54216588-7750-44aa-8bc5-88ccd047e4bf'),
 ('2', '5', 'Content', '1', '2017-02-22 21:57:03', '2017-02-22 21:57:03', '9fd98ac5-484c-47b1-b101-95dc8fbed0be');



DROP TABLE IF EXISTS `02fis_fields`;


--
-- Schema for table `02fis_fields`
--
CREATE TABLE `02fis_fields` (
  `id` int(11) NOT NULL AUTO_INCREMENT,
  `groupId` int(11) DEFAULT NULL,
  `name` varchar(255) COLLATE utf8_unicode_ci NOT NULL,
  `handle` varchar(58) COLLATE utf8_unicode_ci NOT NULL,
  `context` varchar(255) COLLATE utf8_unicode_ci NOT NULL DEFAULT 'global',
  `instructions` text COLLATE utf8_unicode_ci,
  `translatable` tinyint(1) unsigned NOT NULL DEFAULT '0',
  `type` varchar(150) COLLATE utf8_unicode_ci NOT NULL,
  `settings` text COLLATE utf8_unicode_ci,
  `dateCreated` datetime NOT NULL,
  `dateUpdated` datetime NOT NULL,
  `uid` char(36) COLLATE utf8_unicode_ci NOT NULL DEFAULT '0',
  PRIMARY KEY (`id`),
  UNIQUE KEY `02fis_fields_handle_context_unq_idx` (`handle`,`context`),
  KEY `02fis_fields_context_idx` (`context`),
  KEY `02fis_fields_groupId_fk` (`groupId`)
) ENGINE=InnoDB AUTO_INCREMENT=3 DEFAULT CHARSET=utf8 COLLATE=utf8_unicode_ci;

--
-- Data for table `02fis_fields`
--

INSERT INTO `02fis_fields` (`id`, `groupId`, `name`, `handle`, `context`, `instructions`, `translatable`, `type`, `settings`, `dateCreated`, `dateUpdated`, `uid`) VALUES
 ('1', '1', 'Body', 'body', 'global', NULL, '1', 'RichText', '{\"configFile\":\"Standard.json\",\"columnType\":\"text\"}', '2017-02-22 21:57:02', '2017-02-22 21:57:02', 'eeee0a92-eb41-498d-93e8-eaef0c7fd728'),
 ('2', '1', 'Tags', 'tags', 'global', NULL, '0', 'Tags', '{\"source\":\"taggroup:1\"}', '2017-02-22 21:57:02', '2017-02-22 21:57:02', '69a98b93-1a43-4853-a044-f518e3b50cf1');



DROP TABLE IF EXISTS `02fis_globalsets`;


--
-- Schema for table `02fis_globalsets`
--
CREATE TABLE `02fis_globalsets` (
  `id` int(11) NOT NULL,
  `name` varchar(255) COLLATE utf8_unicode_ci NOT NULL,
  `handle` varchar(255) COLLATE utf8_unicode_ci NOT NULL,
  `fieldLayoutId` int(10) DEFAULT NULL,
  `dateCreated` datetime NOT NULL,
  `dateUpdated` datetime NOT NULL,
  `uid` char(36) COLLATE utf8_unicode_ci NOT NULL DEFAULT '0',
  PRIMARY KEY (`id`),
  UNIQUE KEY `02fis_globalsets_name_unq_idx` (`name`),
  UNIQUE KEY `02fis_globalsets_handle_unq_idx` (`handle`),
  KEY `02fis_globalsets_fieldLayoutId_fk` (`fieldLayoutId`)
) ENGINE=InnoDB DEFAULT CHARSET=utf8 COLLATE=utf8_unicode_ci;

DROP TABLE IF EXISTS `02fis_info`;


--
-- Schema for table `02fis_info`
--
CREATE TABLE `02fis_info` (
  `id` int(11) NOT NULL AUTO_INCREMENT,
  `version` varchar(50) COLLATE utf8_unicode_ci NOT NULL,
  `schemaVersion` varchar(15) COLLATE utf8_unicode_ci NOT NULL,
  `edition` tinyint(1) unsigned NOT NULL DEFAULT '0',
  `siteName` varchar(100) COLLATE utf8_unicode_ci NOT NULL,
  `siteUrl` varchar(255) COLLATE utf8_unicode_ci NOT NULL,
  `timezone` varchar(30) COLLATE utf8_unicode_ci DEFAULT NULL,
  `on` tinyint(1) unsigned NOT NULL DEFAULT '0',
  `maintenance` tinyint(1) unsigned NOT NULL DEFAULT '0',
  `dateCreated` datetime NOT NULL,
  `dateUpdated` datetime NOT NULL,
  `uid` char(36) COLLATE utf8_unicode_ci NOT NULL DEFAULT '0',
  PRIMARY KEY (`id`)
) ENGINE=InnoDB AUTO_INCREMENT=2 DEFAULT CHARSET=utf8 COLLATE=utf8_unicode_ci;

--
-- Data for table `02fis_info`
--

INSERT INTO `02fis_info` (`id`, `version`, `schemaVersion`, `edition`, `siteName`, `siteUrl`, `timezone`, `on`, `maintenance`, `dateCreated`, `dateUpdated`, `uid`) VALUES
 ('1', '2.6.2962', '2.6.9', '2', 'Queef', 'http://queef.dev', 'America/Vancouver', '1', '1', '2017-02-22 21:57:00', '2017-02-26 18:07:42', '6b553838-ca15-468f-9262-69c5b86e15bb');



DROP TABLE IF EXISTS `02fis_locales`;


--
-- Schema for table `02fis_locales`
--
CREATE TABLE `02fis_locales` (
  `locale` char(12) COLLATE utf8_unicode_ci NOT NULL,
  `sortOrder` smallint(6) unsigned DEFAULT NULL,
  `dateCreated` datetime NOT NULL,
  `dateUpdated` datetime NOT NULL,
  `uid` char(36) COLLATE utf8_unicode_ci NOT NULL DEFAULT '0',
  PRIMARY KEY (`locale`),
  KEY `02fis_locales_sortOrder_idx` (`sortOrder`)
) ENGINE=InnoDB DEFAULT CHARSET=utf8 COLLATE=utf8_unicode_ci;

--
-- Data for table `02fis_locales`
--

INSERT INTO `02fis_locales` (`locale`, `sortOrder`, `dateCreated`, `dateUpdated`, `uid`) VALUES
 ('en_ca', '1', '2017-02-22 21:57:01', '2017-02-22 21:57:01', 'c5284601-b2f6-401f-906a-a6b022314026');



DROP TABLE IF EXISTS `02fis_matrixblocks`;


--
-- Schema for table `02fis_matrixblocks`
--
CREATE TABLE `02fis_matrixblocks` (
  `id` int(11) NOT NULL,
  `ownerId` int(11) NOT NULL,
  `fieldId` int(11) NOT NULL,
  `typeId` int(11) DEFAULT NULL,
  `sortOrder` smallint(6) unsigned DEFAULT NULL,
  `ownerLocale` char(12) COLLATE utf8_unicode_ci DEFAULT NULL,
  `dateCreated` datetime NOT NULL,
  `dateUpdated` datetime NOT NULL,
  `uid` char(36) COLLATE utf8_unicode_ci NOT NULL DEFAULT '0',
  PRIMARY KEY (`id`),
  KEY `02fis_matrixblocks_ownerId_idx` (`ownerId`),
  KEY `02fis_matrixblocks_fieldId_idx` (`fieldId`),
  KEY `02fis_matrixblocks_typeId_idx` (`typeId`),
  KEY `02fis_matrixblocks_sortOrder_idx` (`sortOrder`),
  KEY `02fis_matrixblocks_ownerLocale_fk` (`ownerLocale`)
) ENGINE=InnoDB DEFAULT CHARSET=utf8 COLLATE=utf8_unicode_ci;

DROP TABLE IF EXISTS `02fis_matrixblocktypes`;


--
-- Schema for table `02fis_matrixblocktypes`
--
CREATE TABLE `02fis_matrixblocktypes` (
  `id` int(11) NOT NULL AUTO_INCREMENT,
  `fieldId` int(11) NOT NULL,
  `fieldLayoutId` int(11) DEFAULT NULL,
  `name` varchar(255) COLLATE utf8_unicode_ci NOT NULL,
  `handle` varchar(255) COLLATE utf8_unicode_ci NOT NULL,
  `sortOrder` smallint(6) unsigned DEFAULT NULL,
  `dateCreated` datetime NOT NULL,
  `dateUpdated` datetime NOT NULL,
  `uid` char(36) COLLATE utf8_unicode_ci NOT NULL DEFAULT '0',
  PRIMARY KEY (`id`),
  UNIQUE KEY `02fis_matrixblocktypes_name_fieldId_unq_idx` (`name`,`fieldId`),
  UNIQUE KEY `02fis_matrixblocktypes_handle_fieldId_unq_idx` (`handle`,`fieldId`),
  KEY `02fis_matrixblocktypes_fieldId_fk` (`fieldId`),
  KEY `02fis_matrixblocktypes_fieldLayoutId_fk` (`fieldLayoutId`)
) ENGINE=InnoDB DEFAULT CHARSET=utf8 COLLATE=utf8_unicode_ci;

DROP TABLE IF EXISTS `02fis_migrations`;


--
-- Schema for table `02fis_migrations`
--
CREATE TABLE `02fis_migrations` (
  `id` int(11) NOT NULL AUTO_INCREMENT,
  `pluginId` int(11) DEFAULT NULL,
  `version` varchar(255) COLLATE utf8_unicode_ci NOT NULL,
  `applyTime` datetime NOT NULL,
  `dateCreated` datetime NOT NULL,
  `dateUpdated` datetime NOT NULL,
  `uid` char(36) COLLATE utf8_unicode_ci NOT NULL DEFAULT '0',
  PRIMARY KEY (`id`),
  UNIQUE KEY `02fis_migrations_version_unq_idx` (`version`),
  KEY `02fis_migrations_pluginId_fk` (`pluginId`)
) ENGINE=InnoDB AUTO_INCREMENT=93 DEFAULT CHARSET=utf8 COLLATE=utf8_unicode_ci;

--
-- Data for table `02fis_migrations`
--

INSERT INTO `02fis_migrations` (`id`, `pluginId`, `version`, `applyTime`, `dateCreated`, `dateUpdated`, `uid`) VALUES
 ('1', NULL, 'm000000_000000_base', '2017-02-22 21:57:00', '2017-02-22 21:57:01', '2017-02-22 21:57:01', '41a23dbe-2cdd-4637-b621-aafb741dbbdd'),
 ('2', NULL, 'm140730_000001_add_filename_and_format_to_transformindex', '2017-02-22 21:57:01', '2017-02-22 21:57:01', '2017-02-22 21:57:01', '583bc14e-b2a1-4fce-97d1-c95b80f70957'),
 ('3', NULL, 'm140815_000001_add_format_to_transforms', '2017-02-22 21:57:01', '2017-02-22 21:57:01', '2017-02-22 21:57:01', '447efacd-748c-4f58-b28f-8fea9ad0934f'),
 ('4', NULL, 'm140822_000001_allow_more_than_128_items_per_field', '2017-02-22 21:57:01', '2017-02-22 21:57:01', '2017-02-22 21:57:01', '9bacf782-1c27-4c93-b505-e1f724632979'),
 ('5', NULL, 'm140829_000001_single_title_formats', '2017-02-22 21:57:01', '2017-02-22 21:57:01', '2017-02-22 21:57:01', '75b5a0e5-167b-40d7-9cb2-f84443d03360'),
 ('6', NULL, 'm140831_000001_extended_cache_keys', '2017-02-22 21:57:01', '2017-02-22 21:57:01', '2017-02-22 21:57:01', '78e7e233-9705-4d16-95b1-a1d7feced6b3'),
 ('7', NULL, 'm140922_000001_delete_orphaned_matrix_blocks', '2017-02-22 21:57:01', '2017-02-22 21:57:01', '2017-02-22 21:57:01', '983cbc5f-c607-48ea-a034-c6f4864f2d2a'),
 ('8', NULL, 'm141008_000001_elements_index_tune', '2017-02-22 21:57:01', '2017-02-22 21:57:01', '2017-02-22 21:57:01', '803e89b8-fc79-427c-8bad-7607408ed2e6'),
 ('9', NULL, 'm141009_000001_assets_source_handle', '2017-02-22 21:57:01', '2017-02-22 21:57:01', '2017-02-22 21:57:01', '927d3e27-79aa-48e3-862f-84d4167406ad'),
 ('10', NULL, 'm141024_000001_field_layout_tabs', '2017-02-22 21:57:01', '2017-02-22 21:57:01', '2017-02-22 21:57:01', '12cff5e4-9990-4763-a9af-a9342193f629'),
 ('11', NULL, 'm141030_000000_plugin_schema_versions', '2017-02-22 21:57:01', '2017-02-22 21:57:01', '2017-02-22 21:57:01', 'ecf49e69-ef22-4d84-bf99-7154ecf67425'),
 ('12', NULL, 'm141030_000001_drop_structure_move_permission', '2017-02-22 21:57:01', '2017-02-22 21:57:01', '2017-02-22 21:57:01', '137655dc-7d74-48c9-8f45-cff39444495a'),
 ('13', NULL, 'm141103_000001_tag_titles', '2017-02-22 21:57:01', '2017-02-22 21:57:01', '2017-02-22 21:57:01', '1b37a9de-f5b0-4052-a8e5-f836572e9ed8'),
 ('14', NULL, 'm141109_000001_user_status_shuffle', '2017-02-22 21:57:01', '2017-02-22 21:57:01', '2017-02-22 21:57:01', 'a1281827-3d49-4b3f-be7c-93d8e6335e91'),
 ('15', NULL, 'm141126_000001_user_week_start_day', '2017-02-22 21:57:01', '2017-02-22 21:57:01', '2017-02-22 21:57:01', 'dbb2b43e-a403-4a6c-8e5f-36b8f7981365'),
 ('16', NULL, 'm150210_000001_adjust_user_photo_size', '2017-02-22 21:57:01', '2017-02-22 21:57:01', '2017-02-22 21:57:01', '5985e22c-28cf-402f-ad3d-b534da78ed60'),
 ('17', NULL, 'm150724_000001_adjust_quality_settings', '2017-02-22 21:57:01', '2017-02-22 21:57:01', '2017-02-22 21:57:01', 'a55c93ec-5224-4525-8ba5-2217822f57dd'),
 ('18', NULL, 'm150827_000000_element_index_settings', '2017-02-22 21:57:01', '2017-02-22 21:57:01', '2017-02-22 21:57:01', 'd650c735-4006-4709-8131-8a269e57ef12'),
 ('19', NULL, 'm150918_000001_add_colspan_to_widgets', '2017-02-22 21:57:01', '2017-02-22 21:57:01', '2017-02-22 21:57:01', '90230ac2-bd73-415e-a582-b771f95c1e9c'),
 ('20', NULL, 'm151007_000000_clear_asset_caches', '2017-02-22 21:57:01', '2017-02-22 21:57:01', '2017-02-22 21:57:01', 'f07104c8-991e-4167-9b98-fcbf5f94942e'),
 ('21', NULL, 'm151109_000000_text_url_formats', '2017-02-22 21:57:01', '2017-02-22 21:57:01', '2017-02-22 21:57:01', '58a2d064-3579-4b3d-875f-4e5c5f815f8d'),
 ('22', NULL, 'm151110_000000_move_logo', '2017-02-22 21:57:01', '2017-02-22 21:57:01', '2017-02-22 21:57:01', '4506785e-c8f6-455f-a917-cd1a40aa68ce'),
 ('23', NULL, 'm151117_000000_adjust_image_widthheight', '2017-02-22 21:57:01', '2017-02-22 21:57:01', '2017-02-22 21:57:01', '3aec33ba-41f8-476e-b3a9-40ab76fcabe4'),
 ('24', NULL, 'm151127_000000_clear_license_key_status', '2017-02-22 21:57:01', '2017-02-22 21:57:01', '2017-02-22 21:57:01', '57ff73c9-98d3-4075-a6fb-f03b12938705'),
 ('25', NULL, 'm151127_000000_plugin_license_keys', '2017-02-22 21:57:01', '2017-02-22 21:57:01', '2017-02-22 21:57:01', 'd56233b5-82d6-4cef-aa65-025a4b51f5df'),
 ('26', NULL, 'm151130_000000_update_pt_widget_feeds', '2017-02-22 21:57:01', '2017-02-22 21:57:01', '2017-02-22 21:57:01', 'a0167c46-2dec-4efd-a6cf-b21e8cacac9c'),
 ('27', NULL, 'm160114_000000_asset_sources_public_url_default_true', '2017-02-22 21:57:01', '2017-02-22 21:57:01', '2017-02-22 21:57:01', 'f53535b2-99dc-44c9-8dc0-d7d05664eccb'),
 ('28', NULL, 'm160223_000000_sortorder_to_smallint', '2017-02-22 21:57:01', '2017-02-22 21:57:01', '2017-02-22 21:57:01', '3bf5207c-60fc-4924-be86-22b6a857072e'),
 ('29', NULL, 'm160229_000000_set_default_entry_statuses', '2017-02-22 21:57:01', '2017-02-22 21:57:01', '2017-02-22 21:57:01', '05b9f43d-e64c-49f4-ae91-97c68e7bbd40'),
 ('30', NULL, 'm160304_000000_client_permissions', '2017-02-22 21:57:01', '2017-02-22 21:57:01', '2017-02-22 21:57:01', '1e16b71f-d276-46fe-a0b3-2b77069d080c'),
 ('31', NULL, 'm160322_000000_asset_filesize', '2017-02-22 21:57:01', '2017-02-22 21:57:01', '2017-02-22 21:57:01', '50c167fb-0ae7-4865-9bdd-814f8d80ba1f'),
 ('32', NULL, 'm160503_000000_orphaned_fieldlayouts', '2017-02-22 21:57:01', '2017-02-22 21:57:01', '2017-02-22 21:57:01', '9e3badf3-2c1c-446f-919a-3acdfe686c1d'),
 ('33', NULL, 'm160510_000000_tasksettings', '2017-02-22 21:57:01', '2017-02-22 21:57:01', '2017-02-22 21:57:01', '31962ae3-1fcd-4e9c-baa8-1879a6017bcf'),
 ('34', NULL, 'm160829_000000_pending_user_content_cleanup', '2017-02-22 21:57:01', '2017-02-22 21:57:01', '2017-02-22 21:57:01', 'de4af3c7-c436-49d1-bf7b-5ac46615ed44'),
 ('35', NULL, 'm160830_000000_asset_index_uri_increase', '2017-02-22 21:57:01', '2017-02-22 21:57:01', '2017-02-22 21:57:01', 'e62b0f72-3a18-4781-bee4-97bd3f0af82b'),
 ('36', NULL, 'm160919_000000_usergroup_handle_title_unique', '2017-02-22 21:57:01', '2017-02-22 21:57:01', '2017-02-22 21:57:01', '89a9abfd-a88c-452e-92e2-3627c3251d9c'),
 ('37', NULL, 'm161108_000000_new_version_format', '2017-02-22 21:57:01', '2017-02-22 21:57:01', '2017-02-22 21:57:01', '580001bb-ae12-4179-9fb6-76016b75828a'),
 ('38', NULL, 'm161109_000000_index_shuffle', '2017-02-22 21:57:01', '2017-02-22 21:57:01', '2017-02-22 21:57:01', 'c3b3711e-11b7-49c4-b04d-13c1eded59e4'),
 ('39', '1', 'm150916_010101_Commerce_Rename', '2017-02-23 00:51:14', '2017-02-23 00:51:15', '2017-02-23 00:51:15', 'c080bed9-005e-4ca9-86b3-79dd0423e4a3'),
 ('40', '1', 'm150917_010101_Commerce_DropEmailTypeColumn', '2017-02-23 00:51:14', '2017-02-23 00:51:15', '2017-02-23 00:51:15', 'c0d378bf-594b-476b-95e1-a9fc5d464ae3'),
 ('41', '1', 'm150917_010102_Commerce_RenameCodeToHandletaxCatColumn', '2017-02-23 00:51:14', '2017-02-23 00:51:15', '2017-02-23 00:51:15', '9cfc67a7-6e0c-4868-b040-281006349518'),
 ('42', '1', 'm150918_010101_Commerce_AddProductTypeLocales', '2017-02-23 00:51:14', '2017-02-23 00:51:15', '2017-02-23 00:51:15', '7f57af51-2a12-43ff-a479-c3add1d247ac'),
 ('43', '1', 'm150918_010102_Commerce_RemoveNonLocaleBasedUrlFormat', '2017-02-23 00:51:14', '2017-02-23 00:51:15', '2017-02-23 00:51:15', '9e6ed6d3-fdab-4d1c-9984-1f0aeb7d0154'),
 ('44', '1', 'm150919_010101_Commerce_AddHasDimensionsToProductType', '2017-02-23 00:51:14', '2017-02-23 00:51:15', '2017-02-23 00:51:15', 'baaff27d-9696-46f5-a570-3147169cc562'),
 ('45', '1', 'm151004_142113_commerce_PaymentMethods_name_unique', '2017-02-23 00:51:14', '2017-02-23 00:51:15', '2017-02-23 00:51:15', '28a1d7e5-6da9-4cb7-9dde-ad1450ae84ac'),
 ('46', '1', 'm151018_010101_Commerce_DiscountCodeNull', '2017-02-23 00:51:14', '2017-02-23 00:51:15', '2017-02-23 00:51:15', 'e62c2480-90da-4e77-9ee8-c2666b01b0dc'),
 ('47', '1', 'm151025_010101_Commerce_AddHandleToShippingMethod', '2017-02-23 00:51:14', '2017-02-23 00:51:15', '2017-02-23 00:51:15', '9adc9f31-6d63-4d89-9b72-248c067bc624'),
 ('48', '1', 'm151027_010101_Commerce_NewVariantUI', '2017-02-23 00:51:14', '2017-02-23 00:51:15', '2017-02-23 00:51:15', 'c2d4a2aa-ddac-49c5-872f-7f694993acfe'),
 ('49', '1', 'm151027_010102_Commerce_ProductDateNames', '2017-02-23 00:51:14', '2017-02-23 00:51:15', '2017-02-23 00:51:15', 'a6a892df-cc78-49a3-9642-c58df89d45c4'),
 ('50', '1', 'm151102_010101_Commerce_PaymentTypeInMethodNotSettings', '2017-02-23 00:51:14', '2017-02-23 00:51:15', '2017-02-23 00:51:15', '52b98764-307d-4edf-98de-8a5c6eede13c'),
 ('51', '1', 'm151103_010101_Commerce_DefaultVariant', '2017-02-23 00:51:14', '2017-02-23 00:51:15', '2017-02-23 00:51:15', '1fa5f9b1-8bfa-43b3-9f9a-c0738e1cc3f7'),
 ('52', '1', 'm151109_010101_Commerce_AddCompanyNumberToAddress', '2017-02-23 00:51:14', '2017-02-23 00:51:15', '2017-02-23 00:51:15', '3c923f74-5ab1-447d-834f-c6cf8ab8e3c0'),
 ('53', '1', 'm151109_010102_Commerce_AddOptionsToLineItems', '2017-02-23 00:51:14', '2017-02-23 00:51:15', '2017-02-23 00:51:15', '2024707d-e66b-4834-8ff9-77e126c0ee1b'),
 ('54', '1', 'm151110_010101_Commerce_RenameCompanyToAddress', '2017-02-23 00:51:14', '2017-02-23 00:51:15', '2017-02-23 00:51:15', 'f7a05cf0-f370-488e-8fdb-8056472cf0e9'),
 ('55', '1', 'm151111_010101_Commerce_ShowVariantTitleField', '2017-02-23 00:51:14', '2017-02-23 00:51:15', '2017-02-23 00:51:15', '417283f7-92c2-42e7-98b6-b13fac7cc662'),
 ('56', '1', 'm151112_010101_Commerce_AutoSkuFormat', '2017-02-23 00:51:14', '2017-02-23 00:51:15', '2017-02-23 00:51:15', '860a6fb3-9222-4c9f-b7de-ece8aea13599'),
 ('57', '1', 'm151117_010101_Commerce_TaxIncluded', '2017-02-23 00:51:14', '2017-02-23 00:51:15', '2017-02-23 00:51:15', 'd87a9212-334b-49b1-8282-4f9e355c30f7'),
 ('58', '1', 'm151124_010101_Commerce_AddressManagement', '2017-02-23 00:51:14', '2017-02-23 00:51:15', '2017-02-23 00:51:15', 'ec8c3659-f581-4905-b8e7-7f423f700115'),
 ('59', '1', 'm151127_010101_Commerce_TaxRateTaxableOptions', '2017-02-23 00:51:14', '2017-02-23 00:51:15', '2017-02-23 00:51:15', '12dbbf0d-5ab3-40c7-b708-6bc3543d03e1'),
 ('60', '1', 'm151210_010101_Commerce_FixMissingLineItemDimensionData', '2017-02-23 00:51:14', '2017-02-23 00:51:15', '2017-02-23 00:51:15', '0e412bca-48d1-48ad-8037-6ee211d5624c'),
 ('61', '1', 'm160215_010101_Commerce_ConsistentDecimalType', '2017-02-23 00:51:14', '2017-02-23 00:51:15', '2017-02-23 00:51:15', '0be8698a-6120-4a9c-9cd1-4f8de78e91da'),
 ('62', '1', 'm160226_010101_Commerce_OrderStatusSortOrder', '2017-02-23 00:51:14', '2017-02-23 00:51:15', '2017-02-23 00:51:15', '4e37db41-7f14-4e3e-8241-c4250bb16743'),
 ('63', '1', 'm160226_010102_Commerce_isCompleted', '2017-02-23 00:51:14', '2017-02-23 00:51:15', '2017-02-23 00:51:15', '54ba09ca-c0a8-4352-bc00-4c2aaeafc11a'),
 ('64', '1', 'm160227_010101_Commerce_OrderAdjustmentIncludedFlag', '2017-02-23 00:51:14', '2017-02-23 00:51:15', '2017-02-23 00:51:15', 'f221f1ec-66c6-497a-b637-e0213643c2f3'),
 ('65', '1', 'm160229_010101_Commerce_ShippingZone', '2017-02-23 00:51:14', '2017-02-23 00:51:15', '2017-02-23 00:51:15', '1f7320e3-05ec-4202-9e4d-126dcd9db4a0'),
 ('66', '1', 'm160229_010104_Commerce_SoftDeleteAndReorderPaymentMethod', '2017-02-23 00:51:14', '2017-02-23 00:51:15', '2017-02-23 00:51:15', 'a73e33b6-5f81-4255-a98d-d5d464cfe3f2'),
 ('67', '1', 'm160401_010101_Commerce_KeepAllTransactions', '2017-02-23 00:51:14', '2017-02-23 00:51:15', '2017-02-23 00:51:15', '23e234ab-54ec-413d-adfb-0f8ab26536b5'),
 ('68', '1', 'm160405_010101_Commerce_FixDefaultVariantId', '2017-02-23 00:51:14', '2017-02-23 00:51:15', '2017-02-23 00:51:15', 'd28254db-c283-4571-b214-fb4c3a6d18e6'),
 ('69', '1', 'm160406_010101_Commerce_RemoveUnusedAuthorId', '2017-02-23 00:51:14', '2017-02-23 00:51:15', '2017-02-23 00:51:15', '1904b195-8aaf-4759-943f-2c84b94265d0'),
 ('70', '1', 'm160425_010101_Commerce_DeleteCountriesAndStates', '2017-02-23 00:51:14', '2017-02-23 00:51:15', '2017-02-23 00:51:15', '0215ac33-ee6a-46c6-b346-6fa5ea46ace8'),
 ('71', '1', 'm160510_010101_Commerce_EmailRecipientType', '2017-02-23 00:51:14', '2017-02-23 00:51:15', '2017-02-23 00:51:15', '96f46a66-6102-4653-a09e-a7926eb5a6a4'),
 ('72', '1', 'm160606_010101_Commerce_PerEmailLimitOnDiscount', '2017-02-23 00:51:14', '2017-02-23 00:51:15', '2017-02-23 00:51:15', '3597c39e-01dc-4da5-98a1-f3a560f35de2'),
 ('73', '1', 'm160706_010101_Commerce_Currencies', '2017-02-23 00:51:14', '2017-02-23 00:51:15', '2017-02-23 00:51:15', '99347756-f102-482b-bfb6-98885b299f6f'),
 ('74', '1', 'm160806_010101_Commerce_RemoveShowInLabel', '2017-02-23 00:51:14', '2017-02-23 00:51:15', '2017-02-23 00:51:15', '334c978f-7ef7-4581-a95a-b6df1e9c5723'),
 ('75', '1', 'm160806_010102_Commerce_AddVatTaxRateOption', '2017-02-23 00:51:14', '2017-02-23 00:51:15', '2017-02-23 00:51:15', 'a4fbf348-ac32-48f5-bdd6-51daefe27680'),
 ('76', '1', 'm160825_010101_Commerce_AddMaxQtyToDiscount', '2017-02-23 00:51:14', '2017-02-23 00:51:15', '2017-02-23 00:51:15', 'bb7083d4-1ecc-4559-b5bb-762e85686a81'),
 ('77', '1', 'm160826_010101_Commerce_NewAddressFields', '2017-02-23 00:51:14', '2017-02-23 00:51:15', '2017-02-23 00:51:15', 'c9a2ee1c-0844-4134-afda-e24921ef71d4'),
 ('78', '1', 'm160915_010101_Commerce_RenameCurrencies', '2017-02-23 00:51:14', '2017-02-23 00:51:15', '2017-02-23 00:51:15', '2ebef59e-9a41-4c20-995e-956a073f8b75'),
 ('79', '1', 'm160916_010102_Commerce_PdfFilenameFormat', '2017-02-23 00:51:14', '2017-02-23 00:51:15', '2017-02-23 00:51:15', '038b6d4f-e131-4cb3-acb8-8f2b439f7891'),
 ('80', '1', 'm160917_010103_Commerce_DescriptionFormat', '2017-02-23 00:51:14', '2017-02-23 00:51:15', '2017-02-23 00:51:15', 'ba0ccb33-3869-408a-8f23-79f998aa4a5f'),
 ('81', '1', 'm160917_010104_Commerce_ShippingCategories', '2017-02-23 00:51:14', '2017-02-23 00:51:15', '2017-02-23 00:51:15', '3a27413c-1a86-4adc-a82a-bdb7ef869506'),
 ('82', '1', 'm160923_010101_Commerce_OrderLocale', '2017-02-23 00:51:14', '2017-02-23 00:51:15', '2017-02-23 00:51:15', '2cdb54db-cd3f-42a2-bd33-405022a61b8e'),
 ('83', '1', 'm160927_010101_Commerce_ProductTypeShippingTaxCategories', '2017-02-23 00:51:14', '2017-02-23 00:51:15', '2017-02-23 00:51:15', 'a6527d05-b22e-4e89-95cb-f1fc2abd447a'),
 ('84', '1', 'm160927_010101_Commerce_ShippingRuleCategories', '2017-02-23 00:51:14', '2017-02-23 00:51:15', '2017-02-23 00:51:15', '0ee0aaf0-8484-402d-9313-6355f2617e58'),
 ('85', '1', 'm160930_010101_Commerce_RenameDefaultCurrencyToPrimary', '2017-02-23 00:51:14', '2017-02-23 00:51:15', '2017-02-23 00:51:15', '2bab261e-0090-4898-a6df-62fd973ed5fb'),
 ('86', '1', 'm161001_010101_Commerce_LineItemShippingCat', '2017-02-23 00:51:14', '2017-02-23 00:51:15', '2017-02-23 00:51:15', 'e78f2278-f57e-4c5c-8f65-2cbd9f575f5b'),
 ('87', '1', 'm161001_010102_Commerce_DiscountOrdering', '2017-02-23 00:51:15', '2017-02-23 00:51:15', '2017-02-23 00:51:15', 'edb0dfc1-0666-4436-a980-6c91a166abe6'),
 ('88', '1', 'm161001_010103_Commerce_DiscountStopProcessing', '2017-02-23 00:51:15', '2017-02-23 00:51:15', '2017-02-23 00:51:15', '4b4dc731-4cd2-485a-9ed5-005c99d5e127'),
 ('89', '1', 'm161001_010104_Commerce_SaveTransactionCode', '2017-02-23 00:51:15', '2017-02-23 00:51:15', '2017-02-23 00:51:15', '71c145b7-d893-4093-944b-fe725063981b'),
 ('90', '1', 'm161001_010105_Commerce_RemovePaymentCurrencyName', '2017-02-23 00:51:15', '2017-02-23 00:51:15', '2017-02-23 00:51:15', '1c388710-ebaf-47dd-8afb-f4a5be74ae7f'),
 ('91', '1', 'm161024_010101_Commerce_FixDefaultShippingAndTaxCategoriesOnProducts', '2017-02-23 00:51:15', '2017-02-23 00:51:15', '2017-02-23 00:51:15', '3f5e4d9a-84dd-4b9c-8452-d5d09893dfc5'),
 ('92', '1', 'm161101_010101_Commerce_AddBaseTaxToOrder', '2017-02-23 00:51:15', '2017-02-23 00:51:15', '2017-02-23 00:51:15', '033e784d-2f88-44e3-a0ed-c3febad9d327');



DROP TABLE IF EXISTS `02fis_plugins`;


--
-- Schema for table `02fis_plugins`
--
CREATE TABLE `02fis_plugins` (
  `id` int(11) NOT NULL AUTO_INCREMENT,
  `class` varchar(150) COLLATE utf8_unicode_ci NOT NULL,
  `version` varchar(15) COLLATE utf8_unicode_ci NOT NULL,
  `schemaVersion` varchar(15) COLLATE utf8_unicode_ci DEFAULT NULL,
  `licenseKey` char(24) COLLATE utf8_unicode_ci DEFAULT NULL,
  `licenseKeyStatus` enum('valid','invalid','mismatched','unknown') COLLATE utf8_unicode_ci NOT NULL DEFAULT 'unknown',
  `enabled` tinyint(1) unsigned NOT NULL DEFAULT '0',
  `settings` text COLLATE utf8_unicode_ci,
  `installDate` datetime NOT NULL,
  `dateCreated` datetime NOT NULL,
  `dateUpdated` datetime NOT NULL,
  `uid` char(36) COLLATE utf8_unicode_ci NOT NULL DEFAULT '0',
  PRIMARY KEY (`id`)
) ENGINE=InnoDB AUTO_INCREMENT=2 DEFAULT CHARSET=utf8 COLLATE=utf8_unicode_ci;

--
-- Data for table `02fis_plugins`
--

INSERT INTO `02fis_plugins` (`id`, `class`, `version`, `schemaVersion`, `licenseKey`, `licenseKeyStatus`, `enabled`, `settings`, `installDate`, `dateCreated`, `dateUpdated`, `uid`) VALUES
 ('1', 'Commerce', '1.2.1334', '1.2.73', NULL, 'unknown', '1', '{\"weightUnits\":\"g\",\"dimensionUnits\":\"mm\",\"emailSenderAddress\":null,\"emailSenderName\":null,\"orderPdfPath\":\"shop\\/_pdf\\/order\",\"orderPdfFilenameFormat\":\"Order-{number}\"}', '2017-02-23 00:51:14', '2017-02-23 00:51:14', '2017-02-26 18:07:37', 'd7dc8456-10ba-44f9-8260-1085335a3653');



DROP TABLE IF EXISTS `02fis_rackspaceaccess`;


--
-- Schema for table `02fis_rackspaceaccess`
--
CREATE TABLE `02fis_rackspaceaccess` (
  `id` int(11) NOT NULL AUTO_INCREMENT,
  `connectionKey` varchar(255) COLLATE utf8_unicode_ci NOT NULL,
  `token` varchar(255) COLLATE utf8_unicode_ci NOT NULL,
  `storageUrl` varchar(255) COLLATE utf8_unicode_ci NOT NULL,
  `cdnUrl` varchar(255) COLLATE utf8_unicode_ci NOT NULL,
  `dateCreated` datetime NOT NULL,
  `dateUpdated` datetime NOT NULL,
  `uid` char(36) COLLATE utf8_unicode_ci NOT NULL DEFAULT '0',
  PRIMARY KEY (`id`),
  UNIQUE KEY `02fis_rackspaceaccess_connectionKey_unq_idx` (`connectionKey`)
) ENGINE=InnoDB DEFAULT CHARSET=utf8 COLLATE=utf8_unicode_ci;

DROP TABLE IF EXISTS `02fis_relations`;


--
-- Schema for table `02fis_relations`
--
CREATE TABLE `02fis_relations` (
  `id` int(11) NOT NULL AUTO_INCREMENT,
  `fieldId` int(11) NOT NULL,
  `sourceId` int(11) NOT NULL,
  `sourceLocale` char(12) COLLATE utf8_unicode_ci DEFAULT NULL,
  `targetId` int(11) NOT NULL,
  `sortOrder` smallint(6) DEFAULT NULL,
  `dateCreated` datetime NOT NULL,
  `dateUpdated` datetime NOT NULL,
  `uid` char(36) COLLATE utf8_unicode_ci NOT NULL DEFAULT '0',
  PRIMARY KEY (`id`),
  UNIQUE KEY `02fis_relations_fieldId_sourceId_sourceLocale_targetId_unq_idx` (`fieldId`,`sourceId`,`sourceLocale`,`targetId`),
  KEY `02fis_relations_sourceId_fk` (`sourceId`),
  KEY `02fis_relations_sourceLocale_fk` (`sourceLocale`),
  KEY `02fis_relations_targetId_fk` (`targetId`)
) ENGINE=InnoDB DEFAULT CHARSET=utf8 COLLATE=utf8_unicode_ci;

DROP TABLE IF EXISTS `02fis_routes`;


--
-- Schema for table `02fis_routes`
--
CREATE TABLE `02fis_routes` (
  `id` int(11) NOT NULL AUTO_INCREMENT,
  `locale` char(12) COLLATE utf8_unicode_ci DEFAULT NULL,
  `urlParts` varchar(255) COLLATE utf8_unicode_ci NOT NULL,
  `urlPattern` varchar(255) COLLATE utf8_unicode_ci NOT NULL,
  `template` varchar(255) COLLATE utf8_unicode_ci NOT NULL,
  `sortOrder` smallint(6) unsigned DEFAULT NULL,
  `dateCreated` datetime NOT NULL,
  `dateUpdated` datetime NOT NULL,
  `uid` char(36) COLLATE utf8_unicode_ci NOT NULL DEFAULT '0',
  PRIMARY KEY (`id`),
  UNIQUE KEY `02fis_routes_urlPattern_unq_idx` (`urlPattern`),
  KEY `02fis_routes_locale_idx` (`locale`)
) ENGINE=InnoDB DEFAULT CHARSET=utf8 COLLATE=utf8_unicode_ci;

DROP TABLE IF EXISTS `02fis_searchindex`;


--
-- Schema for table `02fis_searchindex`
--
CREATE TABLE `02fis_searchindex` (
  `elementId` int(11) NOT NULL,
  `attribute` varchar(25) COLLATE utf8_unicode_ci NOT NULL,
  `fieldId` int(11) NOT NULL,
  `locale` char(12) COLLATE utf8_unicode_ci NOT NULL,
  `keywords` text COLLATE utf8_unicode_ci NOT NULL,
  PRIMARY KEY (`elementId`,`attribute`,`fieldId`,`locale`),
  FULLTEXT KEY `02fis_searchindex_keywords_idx` (`keywords`)
) ENGINE=MyISAM DEFAULT CHARSET=utf8 COLLATE=utf8_unicode_ci;

--
-- Data for table `02fis_searchindex`
--

INSERT INTO `02fis_searchindex` (`elementId`, `attribute`, `fieldId`, `locale`, `keywords`) VALUES
 ('1', 'username', '0', 'en_ca', ' queef '),
 ('1', 'firstname', '0', 'en_ca', ''),
 ('1', 'lastname', '0', 'en_ca', ''),
 ('1', 'fullname', '0', 'en_ca', ''),
 ('1', 'email', '0', 'en_ca', ' nate natedewaard com '),
 ('1', 'slug', '0', 'en_ca', ''),
 ('2', 'slug', '0', 'en_ca', ' homepage '),
 ('2', 'title', '0', 'en_ca', ' welcome to queef dev '),
 ('2', 'field', '1', 'en_ca', ' it s true this site doesn t have a whole lot of content yet but don t worry our web developers have just installed the cms and they re setting things up for the content editors this very moment soon queef dev will be an oasis of fresh perspectives sharp analyses and astute opinions that will keep you coming back again and again '),
 ('3', 'field', '1', 'en_ca', ' craft is the cms that s powering queef dev it s beautiful powerful flexible and easy to use and it s made by pixel tonic we can t wait to dive in and see what it s capable of this is even more captivating content which you couldn t see on the news index page because it was entered after a page break and the news index template only likes to show the content on the first page craft a nice alternative to word if you re making a website '),
 ('3', 'field', '2', 'en_ca', ''),
 ('3', 'slug', '0', 'en_ca', ' we just installed craft '),
 ('3', 'title', '0', 'en_ca', ' we just installed craft '),
 ('4', 'title', '0', 'en_ca', ' a new toga '),
 ('4', 'defaultsku', '0', 'en_ca', ' a new toga '),
 ('4', 'slug', '0', 'en_ca', ' a new toga '),
 ('5', 'sku', '0', 'en_ca', ' a new toga '),
 ('5', 'price', '0', 'en_ca', ' 10 '),
 ('5', 'width', '0', 'en_ca', ''),
 ('5', 'height', '0', 'en_ca', ''),
 ('5', 'length', '0', 'en_ca', ''),
 ('5', 'weight', '0', 'en_ca', ''),
 ('5', 'stock', '0', 'en_ca', ' 0 '),
 ('5', 'unlimitedstock', '0', 'en_ca', ' 1 '),
 ('5', 'minqty', '0', 'en_ca', ''),
 ('5', 'maxqty', '0', 'en_ca', ''),
 ('5', 'slug', '0', 'en_ca', ' a new toga '),
 ('5', 'title', '0', 'en_ca', ' a new toga '),
 ('6', 'title', '0', 'en_ca', ' parka with stripes on back '),
 ('6', 'defaultsku', '0', 'en_ca', ' parka with stripes on back '),
 ('6', 'slug', '0', 'en_ca', ' parka with stripes on back '),
 ('7', 'sku', '0', 'en_ca', ' parka with stripes on back '),
 ('7', 'price', '0', 'en_ca', ' 20 '),
 ('7', 'width', '0', 'en_ca', ''),
 ('7', 'height', '0', 'en_ca', ''),
 ('7', 'length', '0', 'en_ca', ''),
 ('7', 'weight', '0', 'en_ca', ''),
 ('7', 'stock', '0', 'en_ca', ' 0 '),
 ('7', 'unlimitedstock', '0', 'en_ca', ' 1 '),
 ('7', 'minqty', '0', 'en_ca', ''),
 ('7', 'maxqty', '0', 'en_ca', ''),
 ('7', 'slug', '0', 'en_ca', ' parka with stripes on back '),
 ('7', 'title', '0', 'en_ca', ' parka with stripes on back '),
 ('8', 'title', '0', 'en_ca', ' romper for a red eye '),
 ('8', 'defaultsku', '0', 'en_ca', ' romper for a red eye '),
 ('8', 'slug', '0', 'en_ca', ' romper for a red eye '),
 ('9', 'sku', '0', 'en_ca', ' romper for a red eye '),
 ('9', 'price', '0', 'en_ca', ' 30 '),
 ('9', 'width', '0', 'en_ca', ''),
 ('9', 'height', '0', 'en_ca', ''),
 ('9', 'length', '0', 'en_ca', ''),
 ('9', 'weight', '0', 'en_ca', ''),
 ('9', 'stock', '0', 'en_ca', ' 0 '),
 ('9', 'unlimitedstock', '0', 'en_ca', ' 1 '),
 ('9', 'minqty', '0', 'en_ca', ''),
 ('9', 'maxqty', '0', 'en_ca', ''),
 ('9', 'slug', '0', 'en_ca', ' romper for a red eye '),
 ('9', 'title', '0', 'en_ca', ' romper for a red eye '),
 ('10', 'title', '0', 'en_ca', ' the fleece awakens '),
 ('10', 'defaultsku', '0', 'en_ca', ' the fleece awakens '),
 ('10', 'slug', '0', 'en_ca', ' the fleece awakens '),
 ('11', 'sku', '0', 'en_ca', ' the fleece awakens '),
 ('11', 'price', '0', 'en_ca', ' 40 '),
 ('11', 'width', '0', 'en_ca', ''),
 ('11', 'height', '0', 'en_ca', ''),
 ('11', 'length', '0', 'en_ca', ''),
 ('11', 'weight', '0', 'en_ca', ''),
 ('11', 'stock', '0', 'en_ca', ' 0 '),
 ('11', 'unlimitedstock', '0', 'en_ca', ' 1 '),
 ('11', 'minqty', '0', 'en_ca', ''),
 ('11', 'maxqty', '0', 'en_ca', ''),
 ('11', 'slug', '0', 'en_ca', ' the fleece awakens '),
 ('11', 'title', '0', 'en_ca', ' the fleece awakens ');



DROP TABLE IF EXISTS `02fis_sections`;


--
-- Schema for table `02fis_sections`
--
CREATE TABLE `02fis_sections` (
  `id` int(11) NOT NULL AUTO_INCREMENT,
  `structureId` int(11) DEFAULT NULL,
  `name` varchar(255) COLLATE utf8_unicode_ci NOT NULL,
  `handle` varchar(255) COLLATE utf8_unicode_ci NOT NULL,
  `type` enum('single','channel','structure') COLLATE utf8_unicode_ci NOT NULL DEFAULT 'channel',
  `hasUrls` tinyint(1) unsigned NOT NULL DEFAULT '1',
  `template` varchar(500) COLLATE utf8_unicode_ci DEFAULT NULL,
  `enableVersioning` tinyint(1) unsigned NOT NULL DEFAULT '0',
  `dateCreated` datetime NOT NULL,
  `dateUpdated` datetime NOT NULL,
  `uid` char(36) COLLATE utf8_unicode_ci NOT NULL DEFAULT '0',
  PRIMARY KEY (`id`),
  UNIQUE KEY `02fis_sections_name_unq_idx` (`name`),
  UNIQUE KEY `02fis_sections_handle_unq_idx` (`handle`),
  KEY `02fis_sections_structureId_fk` (`structureId`)
) ENGINE=InnoDB AUTO_INCREMENT=3 DEFAULT CHARSET=utf8 COLLATE=utf8_unicode_ci;

--
-- Data for table `02fis_sections`
--

INSERT INTO `02fis_sections` (`id`, `structureId`, `name`, `handle`, `type`, `hasUrls`, `template`, `enableVersioning`, `dateCreated`, `dateUpdated`, `uid`) VALUES
 ('1', NULL, 'Homepage', 'homepage', 'single', '1', 'index', '1', '2017-02-22 21:57:02', '2017-02-22 21:57:02', 'fa6522f8-dcb4-4ceb-b3f0-469955a10199'),
 ('2', NULL, 'News', 'news', 'channel', '1', 'news/_entry', '1', '2017-02-22 21:57:03', '2017-02-22 21:57:03', 'cf53f0ab-9ea2-47f1-9ad5-20bb6673ff1b');



DROP TABLE IF EXISTS `02fis_sections_i18n`;


--
-- Schema for table `02fis_sections_i18n`
--
CREATE TABLE `02fis_sections_i18n` (
  `id` int(11) NOT NULL AUTO_INCREMENT,
  `sectionId` int(11) NOT NULL,
  `locale` char(12) COLLATE utf8_unicode_ci NOT NULL,
  `enabledByDefault` tinyint(1) unsigned NOT NULL DEFAULT '1',
  `urlFormat` text COLLATE utf8_unicode_ci,
  `nestedUrlFormat` text COLLATE utf8_unicode_ci,
  `dateCreated` datetime NOT NULL,
  `dateUpdated` datetime NOT NULL,
  `uid` char(36) COLLATE utf8_unicode_ci NOT NULL DEFAULT '0',
  PRIMARY KEY (`id`),
  UNIQUE KEY `02fis_sections_i18n_sectionId_locale_unq_idx` (`sectionId`,`locale`),
  KEY `02fis_sections_i18n_locale_fk` (`locale`)
) ENGINE=InnoDB AUTO_INCREMENT=3 DEFAULT CHARSET=utf8 COLLATE=utf8_unicode_ci;

--
-- Data for table `02fis_sections_i18n`
--

INSERT INTO `02fis_sections_i18n` (`id`, `sectionId`, `locale`, `enabledByDefault`, `urlFormat`, `nestedUrlFormat`, `dateCreated`, `dateUpdated`, `uid`) VALUES
 ('1', '1', 'en_ca', '1', '__home__', NULL, '2017-02-22 21:57:02', '2017-02-22 21:57:02', 'a1bd9c88-c63a-45be-8509-530451b4fec7'),
 ('2', '2', 'en_ca', '1', 'news/{postDate.year}/{slug}', NULL, '2017-02-22 21:57:03', '2017-02-22 21:57:03', 'f3b8aa1b-8121-4041-936b-ac7cb9d07518');



DROP TABLE IF EXISTS `02fis_sessions`;


--
-- Schema for table `02fis_sessions`
--
CREATE TABLE `02fis_sessions` (
  `id` int(11) NOT NULL AUTO_INCREMENT,
  `userId` int(11) NOT NULL,
  `token` char(100) COLLATE utf8_unicode_ci NOT NULL,
  `dateCreated` datetime NOT NULL,
  `dateUpdated` datetime NOT NULL,
  `uid` char(36) COLLATE utf8_unicode_ci NOT NULL DEFAULT '0',
  PRIMARY KEY (`id`),
  KEY `02fis_sessions_uid_idx` (`uid`),
  KEY `02fis_sessions_token_idx` (`token`),
  KEY `02fis_sessions_dateUpdated_idx` (`dateUpdated`),
  KEY `02fis_sessions_userId_fk` (`userId`)
) ENGINE=InnoDB AUTO_INCREMENT=3 DEFAULT CHARSET=utf8 COLLATE=utf8_unicode_ci;

--
-- Data for table `02fis_sessions`
--

INSERT INTO `02fis_sessions` (`id`, `userId`, `token`, `dateCreated`, `dateUpdated`, `uid`) VALUES
 ('1', '1', '75efc94c4595ff55e3a728c2e70f51275ff4de40czozMjoifkVuajhOfjE1Z3JFUG56M0pZTW9GR3J2ZTlxMDJ6RUciOw==', '2017-02-22 21:57:02', '2017-02-22 21:57:02', '7d18b22e-35fa-4331-bc5c-de34d6f3980c'),
 ('2', '1', 'e90e9925615eabd1e83a0e7074742b2fb0060479czozMjoiUGw4V1YyMjJCQ1psZWd5X2pffjM5YVlSaGRseGswMWoiOw==', '2017-02-23 00:35:09', '2017-02-26 17:57:25', '9d55eff1-c1f0-4438-bbbb-2da0b23e52e0');



DROP TABLE IF EXISTS `02fis_shunnedmessages`;


--
-- Schema for table `02fis_shunnedmessages`
--
CREATE TABLE `02fis_shunnedmessages` (
  `id` int(11) NOT NULL AUTO_INCREMENT,
  `userId` int(11) NOT NULL,
  `message` varchar(255) COLLATE utf8_unicode_ci NOT NULL,
  `expiryDate` datetime DEFAULT NULL,
  `dateCreated` datetime NOT NULL,
  `dateUpdated` datetime NOT NULL,
  `uid` char(36) COLLATE utf8_unicode_ci NOT NULL DEFAULT '0',
  PRIMARY KEY (`id`),
  UNIQUE KEY `02fis_shunnedmessages_userId_message_unq_idx` (`userId`,`message`)
) ENGINE=InnoDB DEFAULT CHARSET=utf8 COLLATE=utf8_unicode_ci;

DROP TABLE IF EXISTS `02fis_structureelements`;


--
-- Schema for table `02fis_structureelements`
--
CREATE TABLE `02fis_structureelements` (
  `id` int(11) NOT NULL AUTO_INCREMENT,
  `structureId` int(11) NOT NULL,
  `elementId` int(11) DEFAULT NULL,
  `root` int(11) unsigned DEFAULT NULL,
  `lft` int(11) unsigned NOT NULL,
  `rgt` int(11) unsigned NOT NULL,
  `level` smallint(6) unsigned NOT NULL,
  `dateCreated` datetime NOT NULL,
  `dateUpdated` datetime NOT NULL,
  `uid` char(36) COLLATE utf8_unicode_ci NOT NULL DEFAULT '0',
  PRIMARY KEY (`id`),
  UNIQUE KEY `02fis_structureelements_structureId_elementId_unq_idx` (`structureId`,`elementId`),
  KEY `02fis_structureelements_root_idx` (`root`),
  KEY `02fis_structureelements_lft_idx` (`lft`),
  KEY `02fis_structureelements_rgt_idx` (`rgt`),
  KEY `02fis_structureelements_level_idx` (`level`),
  KEY `02fis_structureelements_elementId_fk` (`elementId`)
) ENGINE=InnoDB DEFAULT CHARSET=utf8 COLLATE=utf8_unicode_ci;

DROP TABLE IF EXISTS `02fis_structures`;


--
-- Schema for table `02fis_structures`
--
CREATE TABLE `02fis_structures` (
  `id` int(11) NOT NULL AUTO_INCREMENT,
  `maxLevels` smallint(6) unsigned DEFAULT NULL,
  `dateCreated` datetime NOT NULL,
  `dateUpdated` datetime NOT NULL,
  `uid` char(36) COLLATE utf8_unicode_ci NOT NULL DEFAULT '0',
  PRIMARY KEY (`id`)
) ENGINE=InnoDB DEFAULT CHARSET=utf8 COLLATE=utf8_unicode_ci;

DROP TABLE IF EXISTS `02fis_systemsettings`;


--
-- Schema for table `02fis_systemsettings`
--
CREATE TABLE `02fis_systemsettings` (
  `id` int(11) NOT NULL AUTO_INCREMENT,
  `category` varchar(15) COLLATE utf8_unicode_ci NOT NULL,
  `settings` text COLLATE utf8_unicode_ci,
  `dateCreated` datetime NOT NULL,
  `dateUpdated` datetime NOT NULL,
  `uid` char(36) COLLATE utf8_unicode_ci NOT NULL DEFAULT '0',
  PRIMARY KEY (`id`),
  UNIQUE KEY `02fis_systemsettings_category_unq_idx` (`category`)
) ENGINE=InnoDB AUTO_INCREMENT=2 DEFAULT CHARSET=utf8 COLLATE=utf8_unicode_ci;

--
-- Data for table `02fis_systemsettings`
--

INSERT INTO `02fis_systemsettings` (`id`, `category`, `settings`, `dateCreated`, `dateUpdated`, `uid`) VALUES
 ('1', 'email', '{\"protocol\":\"php\",\"emailAddress\":\"nate@natedewaard.com\",\"senderName\":\"Queef\"}', '2017-02-22 21:57:02', '2017-02-22 21:57:02', '5f527cc6-9011-4e23-b58c-49f9e8e26a3e');



DROP TABLE IF EXISTS `02fis_taggroups`;


--
-- Schema for table `02fis_taggroups`
--
CREATE TABLE `02fis_taggroups` (
  `id` int(11) NOT NULL AUTO_INCREMENT,
  `name` varchar(255) COLLATE utf8_unicode_ci NOT NULL,
  `handle` varchar(255) COLLATE utf8_unicode_ci NOT NULL,
  `fieldLayoutId` int(10) DEFAULT NULL,
  `dateCreated` datetime NOT NULL,
  `dateUpdated` datetime NOT NULL,
  `uid` char(36) COLLATE utf8_unicode_ci NOT NULL DEFAULT '0',
  PRIMARY KEY (`id`),
  UNIQUE KEY `02fis_taggroups_name_unq_idx` (`name`),
  UNIQUE KEY `02fis_taggroups_handle_unq_idx` (`handle`),
  KEY `02fis_taggroups_fieldLayoutId_fk` (`fieldLayoutId`)
) ENGINE=InnoDB AUTO_INCREMENT=2 DEFAULT CHARSET=utf8 COLLATE=utf8_unicode_ci;

--
-- Data for table `02fis_taggroups`
--

INSERT INTO `02fis_taggroups` (`id`, `name`, `handle`, `fieldLayoutId`, `dateCreated`, `dateUpdated`, `uid`) VALUES
 ('1', 'Default', 'default', '1', '2017-02-22 21:57:02', '2017-02-22 21:57:02', '51fd5134-c2e1-4e9d-86e2-88466181fbcc');



DROP TABLE IF EXISTS `02fis_tags`;


--
-- Schema for table `02fis_tags`
--
CREATE TABLE `02fis_tags` (
  `id` int(11) NOT NULL,
  `groupId` int(11) NOT NULL,
  `dateCreated` datetime NOT NULL,
  `dateUpdated` datetime NOT NULL,
  `uid` char(36) COLLATE utf8_unicode_ci NOT NULL DEFAULT '0',
  PRIMARY KEY (`id`),
  KEY `02fis_tags_groupId_fk` (`groupId`)
) ENGINE=InnoDB DEFAULT CHARSET=utf8 COLLATE=utf8_unicode_ci;

DROP TABLE IF EXISTS `02fis_tasks`;


--
-- Schema for table `02fis_tasks`
--
CREATE TABLE `02fis_tasks` (
  `id` int(11) NOT NULL AUTO_INCREMENT,
  `root` int(11) unsigned DEFAULT NULL,
  `lft` int(11) unsigned NOT NULL,
  `rgt` int(11) unsigned NOT NULL,
  `level` smallint(6) unsigned NOT NULL,
  `currentStep` int(11) unsigned DEFAULT NULL,
  `totalSteps` int(11) unsigned DEFAULT NULL,
  `status` enum('pending','error','running') COLLATE utf8_unicode_ci DEFAULT NULL,
  `type` varchar(150) COLLATE utf8_unicode_ci NOT NULL,
  `description` varchar(255) COLLATE utf8_unicode_ci DEFAULT NULL,
  `settings` mediumtext COLLATE utf8_unicode_ci,
  `dateCreated` datetime NOT NULL,
  `dateUpdated` datetime NOT NULL,
  `uid` char(36) COLLATE utf8_unicode_ci NOT NULL DEFAULT '0',
  PRIMARY KEY (`id`),
  KEY `02fis_tasks_root_idx` (`root`),
  KEY `02fis_tasks_lft_idx` (`lft`),
  KEY `02fis_tasks_rgt_idx` (`rgt`),
  KEY `02fis_tasks_level_idx` (`level`)
) ENGINE=InnoDB DEFAULT CHARSET=utf8 COLLATE=utf8_unicode_ci;

DROP TABLE IF EXISTS `02fis_templatecachecriteria`;


--
-- Schema for table `02fis_templatecachecriteria`
--
CREATE TABLE `02fis_templatecachecriteria` (
  `id` int(11) NOT NULL AUTO_INCREMENT,
  `cacheId` int(11) NOT NULL,
  `type` varchar(150) COLLATE utf8_unicode_ci NOT NULL,
  `criteria` text COLLATE utf8_unicode_ci NOT NULL,
  PRIMARY KEY (`id`),
  KEY `02fis_templatecachecriteria_cacheId_fk` (`cacheId`),
  KEY `02fis_templatecachecriteria_type_idx` (`type`)
) ENGINE=InnoDB DEFAULT CHARSET=utf8 COLLATE=utf8_unicode_ci;

DROP TABLE IF EXISTS `02fis_templatecacheelements`;


--
-- Schema for table `02fis_templatecacheelements`
--
CREATE TABLE `02fis_templatecacheelements` (
  `cacheId` int(11) NOT NULL,
  `elementId` int(11) NOT NULL,
  KEY `02fis_templatecacheelements_cacheId_fk` (`cacheId`),
  KEY `02fis_templatecacheelements_elementId_fk` (`elementId`)
) ENGINE=InnoDB DEFAULT CHARSET=utf8 COLLATE=utf8_unicode_ci;

DROP TABLE IF EXISTS `02fis_templatecaches`;


--
-- Schema for table `02fis_templatecaches`
--
CREATE TABLE `02fis_templatecaches` (
  `id` int(11) NOT NULL AUTO_INCREMENT,
  `cacheKey` varchar(255) COLLATE utf8_unicode_ci NOT NULL,
  `locale` char(12) COLLATE utf8_unicode_ci NOT NULL,
  `path` varchar(255) COLLATE utf8_unicode_ci DEFAULT NULL,
  `expiryDate` datetime NOT NULL,
  `body` mediumtext COLLATE utf8_unicode_ci NOT NULL,
  PRIMARY KEY (`id`),
  KEY `02fis_templatecaches_expiryDate_cacheKey_locale_path_idx` (`expiryDate`,`cacheKey`,`locale`,`path`),
  KEY `02fis_templatecaches_locale_fk` (`locale`)
) ENGINE=InnoDB DEFAULT CHARSET=utf8 COLLATE=utf8_unicode_ci;

DROP TABLE IF EXISTS `02fis_tokens`;


--
-- Schema for table `02fis_tokens`
--
CREATE TABLE `02fis_tokens` (
  `id` int(11) NOT NULL AUTO_INCREMENT,
  `token` char(32) COLLATE utf8_unicode_ci NOT NULL,
  `route` text COLLATE utf8_unicode_ci,
  `usageLimit` tinyint(3) unsigned DEFAULT NULL,
  `usageCount` tinyint(3) unsigned DEFAULT NULL,
  `expiryDate` datetime NOT NULL,
  `dateCreated` datetime NOT NULL,
  `dateUpdated` datetime NOT NULL,
  `uid` char(36) COLLATE utf8_unicode_ci NOT NULL DEFAULT '0',
  PRIMARY KEY (`id`),
  UNIQUE KEY `02fis_tokens_token_unq_idx` (`token`),
  KEY `02fis_tokens_expiryDate_idx` (`expiryDate`)
) ENGINE=InnoDB DEFAULT CHARSET=utf8 COLLATE=utf8_unicode_ci;

DROP TABLE IF EXISTS `02fis_usergroups`;


--
-- Schema for table `02fis_usergroups`
--
CREATE TABLE `02fis_usergroups` (
  `id` int(11) NOT NULL AUTO_INCREMENT,
  `name` varchar(255) COLLATE utf8_unicode_ci NOT NULL,
  `handle` varchar(255) COLLATE utf8_unicode_ci NOT NULL,
  `dateCreated` datetime NOT NULL,
  `dateUpdated` datetime NOT NULL,
  `uid` char(36) COLLATE utf8_unicode_ci NOT NULL DEFAULT '0',
  PRIMARY KEY (`id`),
  UNIQUE KEY `02fis_usergroups_name_unq_idx` (`name`),
  UNIQUE KEY `02fis_usergroups_handle_unq_idx` (`handle`)
) ENGINE=InnoDB DEFAULT CHARSET=utf8 COLLATE=utf8_unicode_ci;

DROP TABLE IF EXISTS `02fis_usergroups_users`;


--
-- Schema for table `02fis_usergroups_users`
--
CREATE TABLE `02fis_usergroups_users` (
  `id` int(11) NOT NULL AUTO_INCREMENT,
  `groupId` int(11) NOT NULL,
  `userId` int(11) NOT NULL,
  `dateCreated` datetime NOT NULL,
  `dateUpdated` datetime NOT NULL,
  `uid` char(36) COLLATE utf8_unicode_ci NOT NULL DEFAULT '0',
  PRIMARY KEY (`id`),
  UNIQUE KEY `02fis_usergroups_users_groupId_userId_unq_idx` (`groupId`,`userId`),
  KEY `02fis_usergroups_users_userId_fk` (`userId`)
) ENGINE=InnoDB DEFAULT CHARSET=utf8 COLLATE=utf8_unicode_ci;

DROP TABLE IF EXISTS `02fis_userpermissions`;


--
-- Schema for table `02fis_userpermissions`
--
CREATE TABLE `02fis_userpermissions` (
  `id` int(11) NOT NULL AUTO_INCREMENT,
  `name` varchar(255) COLLATE utf8_unicode_ci NOT NULL,
  `dateCreated` datetime NOT NULL,
  `dateUpdated` datetime NOT NULL,
  `uid` char(36) COLLATE utf8_unicode_ci NOT NULL DEFAULT '0',
  PRIMARY KEY (`id`),
  UNIQUE KEY `02fis_userpermissions_name_unq_idx` (`name`)
) ENGINE=InnoDB DEFAULT CHARSET=utf8 COLLATE=utf8_unicode_ci;

DROP TABLE IF EXISTS `02fis_userpermissions_usergroups`;


--
-- Schema for table `02fis_userpermissions_usergroups`
--
CREATE TABLE `02fis_userpermissions_usergroups` (
  `id` int(11) NOT NULL AUTO_INCREMENT,
  `permissionId` int(11) NOT NULL,
  `groupId` int(11) NOT NULL,
  `dateCreated` datetime NOT NULL,
  `dateUpdated` datetime NOT NULL,
  `uid` char(36) COLLATE utf8_unicode_ci NOT NULL DEFAULT '0',
  PRIMARY KEY (`id`),
  UNIQUE KEY `02fis_userpermissions_usergroups_permissionId_groupId_unq_idx` (`permissionId`,`groupId`),
  KEY `02fis_userpermissions_usergroups_groupId_fk` (`groupId`)
) ENGINE=InnoDB DEFAULT CHARSET=utf8 COLLATE=utf8_unicode_ci;

DROP TABLE IF EXISTS `02fis_userpermissions_users`;


--
-- Schema for table `02fis_userpermissions_users`
--
CREATE TABLE `02fis_userpermissions_users` (
  `id` int(11) NOT NULL AUTO_INCREMENT,
  `permissionId` int(11) NOT NULL,
  `userId` int(11) NOT NULL,
  `dateCreated` datetime NOT NULL,
  `dateUpdated` datetime NOT NULL,
  `uid` char(36) COLLATE utf8_unicode_ci NOT NULL DEFAULT '0',
  PRIMARY KEY (`id`),
  UNIQUE KEY `02fis_userpermissions_users_permissionId_userId_unq_idx` (`permissionId`,`userId`),
  KEY `02fis_userpermissions_users_userId_fk` (`userId`)
) ENGINE=InnoDB DEFAULT CHARSET=utf8 COLLATE=utf8_unicode_ci;

DROP TABLE IF EXISTS `02fis_users`;


--
-- Schema for table `02fis_users`
--
CREATE TABLE `02fis_users` (
  `id` int(11) NOT NULL,
  `username` varchar(100) COLLATE utf8_unicode_ci NOT NULL,
  `photo` varchar(100) COLLATE utf8_unicode_ci DEFAULT NULL,
  `firstName` varchar(100) COLLATE utf8_unicode_ci DEFAULT NULL,
  `lastName` varchar(100) COLLATE utf8_unicode_ci DEFAULT NULL,
  `email` varchar(255) COLLATE utf8_unicode_ci NOT NULL,
  `password` char(255) COLLATE utf8_unicode_ci DEFAULT NULL,
  `preferredLocale` char(12) COLLATE utf8_unicode_ci DEFAULT NULL,
  `weekStartDay` tinyint(1) unsigned NOT NULL DEFAULT '0',
  `admin` tinyint(1) unsigned NOT NULL DEFAULT '0',
  `client` tinyint(1) unsigned NOT NULL DEFAULT '0',
  `locked` tinyint(1) unsigned NOT NULL DEFAULT '0',
  `suspended` tinyint(1) unsigned NOT NULL DEFAULT '0',
  `pending` tinyint(1) unsigned NOT NULL DEFAULT '0',
  `archived` tinyint(1) unsigned NOT NULL DEFAULT '0',
  `lastLoginDate` datetime DEFAULT NULL,
  `lastLoginAttemptIPAddress` varchar(45) COLLATE utf8_unicode_ci DEFAULT NULL,
  `invalidLoginWindowStart` datetime DEFAULT NULL,
  `invalidLoginCount` tinyint(4) unsigned DEFAULT NULL,
  `lastInvalidLoginDate` datetime DEFAULT NULL,
  `lockoutDate` datetime DEFAULT NULL,
  `verificationCode` char(100) COLLATE utf8_unicode_ci DEFAULT NULL,
  `verificationCodeIssuedDate` datetime DEFAULT NULL,
  `unverifiedEmail` varchar(255) COLLATE utf8_unicode_ci DEFAULT NULL,
  `passwordResetRequired` tinyint(1) unsigned NOT NULL DEFAULT '0',
  `lastPasswordChangeDate` datetime DEFAULT NULL,
  `dateCreated` datetime NOT NULL,
  `dateUpdated` datetime NOT NULL,
  `uid` char(36) COLLATE utf8_unicode_ci NOT NULL DEFAULT '0',
  PRIMARY KEY (`id`),
  UNIQUE KEY `02fis_users_username_unq_idx` (`username`),
  UNIQUE KEY `02fis_users_email_unq_idx` (`email`),
  KEY `02fis_users_verificationCode_idx` (`verificationCode`),
  KEY `02fis_users_uid_idx` (`uid`),
  KEY `02fis_users_preferredLocale_fk` (`preferredLocale`)
) ENGINE=InnoDB DEFAULT CHARSET=utf8 COLLATE=utf8_unicode_ci;

--
-- Data for table `02fis_users`
--

INSERT INTO `02fis_users` (`id`, `username`, `photo`, `firstName`, `lastName`, `email`, `password`, `preferredLocale`, `weekStartDay`, `admin`, `client`, `locked`, `suspended`, `pending`, `archived`, `lastLoginDate`, `lastLoginAttemptIPAddress`, `invalidLoginWindowStart`, `invalidLoginCount`, `lastInvalidLoginDate`, `lockoutDate`, `verificationCode`, `verificationCodeIssuedDate`, `unverifiedEmail`, `passwordResetRequired`, `lastPasswordChangeDate`, `dateCreated`, `dateUpdated`, `uid`) VALUES
 ('1', 'queef', NULL, NULL, NULL, 'nate@natedewaard.com', '$2y$13$HyZUAa.9dXVdAGSE5DdVCO/OJ84Hx3RXoCyfyj4sqcOXIOVAEp.DK', NULL, '0', '1', '0', '0', '0', '0', '0', '2017-02-23 00:35:09', '192.168.10.1', NULL, NULL, NULL, NULL, NULL, NULL, NULL, '0', '2017-02-22 21:57:01', '2017-02-22 21:57:01', '2017-02-23 00:35:09', '1b0452ed-0a85-4977-b8ca-bc6c251741ce');



DROP TABLE IF EXISTS `02fis_widgets`;


--
-- Schema for table `02fis_widgets`
--
CREATE TABLE `02fis_widgets` (
  `id` int(11) NOT NULL AUTO_INCREMENT,
  `userId` int(11) NOT NULL,
  `type` varchar(150) COLLATE utf8_unicode_ci NOT NULL,
  `sortOrder` smallint(6) unsigned DEFAULT NULL,
  `colspan` tinyint(4) unsigned DEFAULT NULL,
  `settings` text COLLATE utf8_unicode_ci,
  `enabled` tinyint(1) unsigned NOT NULL DEFAULT '1',
  `dateCreated` datetime NOT NULL,
  `dateUpdated` datetime NOT NULL,
  `uid` char(36) COLLATE utf8_unicode_ci NOT NULL DEFAULT '0',
  PRIMARY KEY (`id`),
  KEY `02fis_widgets_userId_fk` (`userId`)
) ENGINE=InnoDB AUTO_INCREMENT=5 DEFAULT CHARSET=utf8 COLLATE=utf8_unicode_ci;

--
-- Data for table `02fis_widgets`
--

INSERT INTO `02fis_widgets` (`id`, `userId`, `type`, `sortOrder`, `colspan`, `settings`, `enabled`, `dateCreated`, `dateUpdated`, `uid`) VALUES
 ('1', '1', 'RecentEntries', '1', NULL, NULL, '1', '2017-02-22 21:57:06', '2017-02-22 21:57:06', '2949b6ce-fe13-412b-9617-12c43098d339'),
 ('2', '1', 'GetHelp', '2', NULL, NULL, '1', '2017-02-22 21:57:06', '2017-02-22 21:57:06', '59d290fb-adfd-4855-a834-bbceed492134'),
 ('3', '1', 'Updates', '3', NULL, NULL, '1', '2017-02-22 21:57:06', '2017-02-22 21:57:06', '822147ba-bdff-4574-a600-1e1f19aa59e2'),
 ('4', '1', 'Feed', '4', NULL, '{\"url\":\"https:\\/\\/craftcms.com\\/news.rss\",\"title\":\"Craft News\"}', '1', '2017-02-22 21:57:06', '2017-02-22 21:57:06', '12160bbd-4572-4f88-9c08-4067bc3bd721');


--
-- Constraints for tables
--


--
-- Constraints for table `02fis_assetfiles`
--
ALTER TABLE `02fis_assetfiles`
	ADD CONSTRAINT `02fis_assetfiles_folderId_fk` FOREIGN KEY (`folderId`) REFERENCES `02fis_assetfolders` (`id`) ON DELETE CASCADE,
	ADD CONSTRAINT `02fis_assetfiles_id_fk` FOREIGN KEY (`id`) REFERENCES `02fis_elements` (`id`) ON DELETE CASCADE,
	ADD CONSTRAINT `02fis_assetfiles_sourceId_fk` FOREIGN KEY (`sourceId`) REFERENCES `02fis_assetsources` (`id`) ON DELETE CASCADE;

--
-- Constraints for table `02fis_assetfolders`
--
ALTER TABLE `02fis_assetfolders`
	ADD CONSTRAINT `02fis_assetfolders_parentId_fk` FOREIGN KEY (`parentId`) REFERENCES `02fis_assetfolders` (`id`) ON DELETE CASCADE,
	ADD CONSTRAINT `02fis_assetfolders_sourceId_fk` FOREIGN KEY (`sourceId`) REFERENCES `02fis_assetsources` (`id`) ON DELETE CASCADE;

--
-- Constraints for table `02fis_assetindexdata`
--
ALTER TABLE `02fis_assetindexdata`
	ADD CONSTRAINT `02fis_assetindexdata_sourceId_fk` FOREIGN KEY (`sourceId`) REFERENCES `02fis_assetsources` (`id`) ON DELETE CASCADE;

--
-- Constraints for table `02fis_assetsources`
--
ALTER TABLE `02fis_assetsources`
	ADD CONSTRAINT `02fis_assetsources_fieldLayoutId_fk` FOREIGN KEY (`fieldLayoutId`) REFERENCES `02fis_fieldlayouts` (`id`) ON DELETE SET NULL;

--
-- Constraints for table `02fis_categories`
--
ALTER TABLE `02fis_categories`
	ADD CONSTRAINT `02fis_categories_groupId_fk` FOREIGN KEY (`groupId`) REFERENCES `02fis_categorygroups` (`id`) ON DELETE CASCADE,
	ADD CONSTRAINT `02fis_categories_id_fk` FOREIGN KEY (`id`) REFERENCES `02fis_elements` (`id`) ON DELETE CASCADE;

--
-- Constraints for table `02fis_categorygroups`
--
ALTER TABLE `02fis_categorygroups`
	ADD CONSTRAINT `02fis_categorygroups_fieldLayoutId_fk` FOREIGN KEY (`fieldLayoutId`) REFERENCES `02fis_fieldlayouts` (`id`) ON DELETE SET NULL,
	ADD CONSTRAINT `02fis_categorygroups_structureId_fk` FOREIGN KEY (`structureId`) REFERENCES `02fis_structures` (`id`) ON DELETE CASCADE;

--
-- Constraints for table `02fis_categorygroups_i18n`
--
ALTER TABLE `02fis_categorygroups_i18n`
	ADD CONSTRAINT `02fis_categorygroups_i18n_groupId_fk` FOREIGN KEY (`groupId`) REFERENCES `02fis_categorygroups` (`id`) ON DELETE CASCADE,
	ADD CONSTRAINT `02fis_categorygroups_i18n_locale_fk` FOREIGN KEY (`locale`) REFERENCES `02fis_locales` (`locale`) ON DELETE CASCADE ON UPDATE CASCADE;

--
-- Constraints for table `02fis_commerce_addresses`
--
ALTER TABLE `02fis_commerce_addresses`
	ADD CONSTRAINT `02fis_commerce_addresses_countryId_fk` FOREIGN KEY (`countryId`) REFERENCES `02fis_commerce_countries` (`id`) ON DELETE SET NULL,
	ADD CONSTRAINT `02fis_commerce_addresses_stateId_fk` FOREIGN KEY (`stateId`) REFERENCES `02fis_commerce_states` (`id`) ON DELETE SET NULL;

--
-- Constraints for table `02fis_commerce_customer_discountuses`
--
ALTER TABLE `02fis_commerce_customer_discountuses`
	ADD CONSTRAINT `02fis_commerce_customer_discountuses_customerId_fk` FOREIGN KEY (`customerId`) REFERENCES `02fis_commerce_customers` (`id`) ON DELETE CASCADE ON UPDATE CASCADE,
	ADD CONSTRAINT `02fis_commerce_customer_discountuses_discountId_fk` FOREIGN KEY (`discountId`) REFERENCES `02fis_commerce_discounts` (`id`) ON DELETE CASCADE ON UPDATE CASCADE;

--
-- Constraints for table `02fis_commerce_customers`
--
ALTER TABLE `02fis_commerce_customers`
	ADD CONSTRAINT `02fis_commerce_customers_userId_fk` FOREIGN KEY (`userId`) REFERENCES `02fis_users` (`id`) ON DELETE SET NULL;

--
-- Constraints for table `02fis_commerce_customers_addresses`
--
ALTER TABLE `02fis_commerce_customers_addresses`
	ADD CONSTRAINT `02fis_commerce_customers_addresses_addressId_fk` FOREIGN KEY (`addressId`) REFERENCES `02fis_commerce_addresses` (`id`) ON DELETE CASCADE ON UPDATE CASCADE,
	ADD CONSTRAINT `02fis_commerce_customers_addresses_customerId_fk` FOREIGN KEY (`customerId`) REFERENCES `02fis_commerce_customers` (`id`) ON DELETE CASCADE ON UPDATE CASCADE;

--
-- Constraints for table `02fis_commerce_discount_products`
--
ALTER TABLE `02fis_commerce_discount_products`
	ADD CONSTRAINT `02fis_commerce_discount_products_discountId_fk` FOREIGN KEY (`discountId`) REFERENCES `02fis_commerce_discounts` (`id`) ON DELETE CASCADE ON UPDATE CASCADE,
	ADD CONSTRAINT `02fis_commerce_discount_products_productId_fk` FOREIGN KEY (`productId`) REFERENCES `02fis_commerce_products` (`id`) ON DELETE CASCADE ON UPDATE CASCADE;

--
-- Constraints for table `02fis_commerce_discount_producttypes`
--
ALTER TABLE `02fis_commerce_discount_producttypes`
	ADD CONSTRAINT `02fis_commerce_discount_producttypes_discountId_fk` FOREIGN KEY (`discountId`) REFERENCES `02fis_commerce_discounts` (`id`) ON DELETE CASCADE ON UPDATE CASCADE,
	ADD CONSTRAINT `02fis_commerce_discount_producttypes_productTypeId_fk` FOREIGN KEY (`productTypeId`) REFERENCES `02fis_commerce_producttypes` (`id`) ON DELETE CASCADE ON UPDATE CASCADE;

--
-- Constraints for table `02fis_commerce_discount_usergroups`
--
ALTER TABLE `02fis_commerce_discount_usergroups`
	ADD CONSTRAINT `02fis_commerce_discount_usergroups_discountId_fk` FOREIGN KEY (`discountId`) REFERENCES `02fis_commerce_discounts` (`id`) ON DELETE CASCADE ON UPDATE CASCADE,
	ADD CONSTRAINT `02fis_commerce_discount_usergroups_userGroupId_fk` FOREIGN KEY (`userGroupId`) REFERENCES `02fis_usergroups` (`id`) ON DELETE CASCADE ON UPDATE CASCADE;

--
-- Constraints for table `02fis_commerce_lineitems`
--
ALTER TABLE `02fis_commerce_lineitems`
	ADD CONSTRAINT `02fis_commerce_lineitems_orderId_fk` FOREIGN KEY (`orderId`) REFERENCES `02fis_commerce_orders` (`id`) ON DELETE CASCADE,
	ADD CONSTRAINT `02fis_commerce_lineitems_purchasableId_fk` FOREIGN KEY (`purchasableId`) REFERENCES `02fis_elements` (`id`) ON DELETE SET NULL ON UPDATE CASCADE,
	ADD CONSTRAINT `02fis_commerce_lineitems_shippingCategoryId_fk` FOREIGN KEY (`shippingCategoryId`) REFERENCES `02fis_commerce_shippingcategories` (`id`) ON UPDATE CASCADE,
	ADD CONSTRAINT `02fis_commerce_lineitems_taxCategoryId_fk` FOREIGN KEY (`taxCategoryId`) REFERENCES `02fis_commerce_taxcategories` (`id`) ON UPDATE CASCADE;

--
-- Constraints for table `02fis_commerce_orderadjustments`
--
ALTER TABLE `02fis_commerce_orderadjustments`
	ADD CONSTRAINT `02fis_commerce_orderadjustments_orderId_fk` FOREIGN KEY (`orderId`) REFERENCES `02fis_commerce_orders` (`id`) ON DELETE CASCADE;

--
-- Constraints for table `02fis_commerce_orderhistories`
--
ALTER TABLE `02fis_commerce_orderhistories`
	ADD CONSTRAINT `02fis_commerce_orderhistories_customerId_fk` FOREIGN KEY (`customerId`) REFERENCES `02fis_commerce_customers` (`id`) ON DELETE CASCADE ON UPDATE CASCADE,
	ADD CONSTRAINT `02fis_commerce_orderhistories_newStatusId_fk` FOREIGN KEY (`newStatusId`) REFERENCES `02fis_commerce_orderstatuses` (`id`) ON UPDATE CASCADE,
	ADD CONSTRAINT `02fis_commerce_orderhistories_orderId_fk` FOREIGN KEY (`orderId`) REFERENCES `02fis_commerce_orders` (`id`) ON DELETE CASCADE ON UPDATE CASCADE,
	ADD CONSTRAINT `02fis_commerce_orderhistories_prevStatusId_fk` FOREIGN KEY (`prevStatusId`) REFERENCES `02fis_commerce_orderstatuses` (`id`) ON UPDATE CASCADE;

--
-- Constraints for table `02fis_commerce_orders`
--
ALTER TABLE `02fis_commerce_orders`
	ADD CONSTRAINT `02fis_commerce_orders_billingAddressId_fk` FOREIGN KEY (`billingAddressId`) REFERENCES `02fis_commerce_addresses` (`id`) ON DELETE SET NULL,
	ADD CONSTRAINT `02fis_commerce_orders_customerId_fk` FOREIGN KEY (`customerId`) REFERENCES `02fis_commerce_customers` (`id`) ON DELETE SET NULL,
	ADD CONSTRAINT `02fis_commerce_orders_id_fk` FOREIGN KEY (`id`) REFERENCES `02fis_elements` (`id`) ON DELETE CASCADE,
	ADD CONSTRAINT `02fis_commerce_orders_orderStatusId_fk` FOREIGN KEY (`orderStatusId`) REFERENCES `02fis_commerce_orderstatuses` (`id`) ON UPDATE CASCADE,
	ADD CONSTRAINT `02fis_commerce_orders_paymentMethodId_fk` FOREIGN KEY (`paymentMethodId`) REFERENCES `02fis_commerce_paymentmethods` (`id`) ON DELETE SET NULL,
	ADD CONSTRAINT `02fis_commerce_orders_shippingAddressId_fk` FOREIGN KEY (`shippingAddressId`) REFERENCES `02fis_commerce_addresses` (`id`) ON DELETE SET NULL;

--
-- Constraints for table `02fis_commerce_ordersettings`
--
ALTER TABLE `02fis_commerce_ordersettings`
	ADD CONSTRAINT `02fis_commerce_ordersettings_fieldLayoutId_fk` FOREIGN KEY (`fieldLayoutId`) REFERENCES `02fis_fieldlayouts` (`id`) ON DELETE SET NULL;

--
-- Constraints for table `02fis_commerce_orderstatus_emails`
--
ALTER TABLE `02fis_commerce_orderstatus_emails`
	ADD CONSTRAINT `02fis_commerce_orderstatus_emails_emailId_fk` FOREIGN KEY (`emailId`) REFERENCES `02fis_commerce_emails` (`id`) ON DELETE CASCADE ON UPDATE CASCADE,
	ADD CONSTRAINT `02fis_commerce_orderstatus_emails_orderStatusId_fk` FOREIGN KEY (`orderStatusId`) REFERENCES `02fis_commerce_orderstatuses` (`id`) ON DELETE CASCADE ON UPDATE CASCADE;

--
-- Constraints for table `02fis_commerce_products`
--
ALTER TABLE `02fis_commerce_products`
	ADD CONSTRAINT `02fis_commerce_products_id_fk` FOREIGN KEY (`id`) REFERENCES `02fis_elements` (`id`) ON DELETE CASCADE,
	ADD CONSTRAINT `02fis_commerce_products_shippingCategoryId_fk` FOREIGN KEY (`shippingCategoryId`) REFERENCES `02fis_commerce_shippingcategories` (`id`),
	ADD CONSTRAINT `02fis_commerce_products_taxCategoryId_fk` FOREIGN KEY (`taxCategoryId`) REFERENCES `02fis_commerce_taxcategories` (`id`),
	ADD CONSTRAINT `02fis_commerce_products_typeId_fk` FOREIGN KEY (`typeId`) REFERENCES `02fis_commerce_producttypes` (`id`) ON DELETE CASCADE;

--
-- Constraints for table `02fis_commerce_producttypes`
--
ALTER TABLE `02fis_commerce_producttypes`
	ADD CONSTRAINT `02fis_commerce_producttypes_fieldLayoutId_fk` FOREIGN KEY (`fieldLayoutId`) REFERENCES `02fis_fieldlayouts` (`id`) ON DELETE SET NULL,
	ADD CONSTRAINT `02fis_commerce_producttypes_variantFieldLayoutId_fk` FOREIGN KEY (`variantFieldLayoutId`) REFERENCES `02fis_fieldlayouts` (`id`) ON DELETE SET NULL;

--
-- Constraints for table `02fis_commerce_producttypes_i18n`
--
ALTER TABLE `02fis_commerce_producttypes_i18n`
	ADD CONSTRAINT `02fis_commerce_producttypes_i18n_locale_fk` FOREIGN KEY (`locale`) REFERENCES `02fis_locales` (`locale`) ON DELETE CASCADE ON UPDATE CASCADE,
	ADD CONSTRAINT `02fis_commerce_producttypes_i18n_productTypeId_fk` FOREIGN KEY (`productTypeId`) REFERENCES `02fis_commerce_producttypes` (`id`) ON DELETE CASCADE;

--
-- Constraints for table `02fis_commerce_producttypes_shippingcategories`
--
ALTER TABLE `02fis_commerce_producttypes_shippingcategories`
	ADD CONSTRAINT `02fis_commerc_producttype_shippingcategorie_shippingCategoryI_fk` FOREIGN KEY (`shippingCategoryId`) REFERENCES `02fis_commerce_shippingcategories` (`id`) ON DELETE CASCADE ON UPDATE CASCADE,
	ADD CONSTRAINT `02fis_commerce_producttypes_shippingcategories_productTypeId_fk` FOREIGN KEY (`productTypeId`) REFERENCES `02fis_commerce_producttypes` (`id`) ON DELETE CASCADE ON UPDATE CASCADE;

--
-- Constraints for table `02fis_commerce_producttypes_taxcategories`
--
ALTER TABLE `02fis_commerce_producttypes_taxcategories`
	ADD CONSTRAINT `02fis_commerce_producttypes_taxcategories_productTypeId_fk` FOREIGN KEY (`productTypeId`) REFERENCES `02fis_commerce_producttypes` (`id`) ON DELETE CASCADE,
	ADD CONSTRAINT `02fis_commerce_producttypes_taxcategories_taxCategoryId_fk` FOREIGN KEY (`taxCategoryId`) REFERENCES `02fis_commerce_taxcategories` (`id`) ON DELETE CASCADE;

--
-- Constraints for table `02fis_commerce_purchasables`
--
ALTER TABLE `02fis_commerce_purchasables`
	ADD CONSTRAINT `02fis_commerce_purchasables_id_fk` FOREIGN KEY (`id`) REFERENCES `02fis_elements` (`id`) ON DELETE CASCADE;

--
-- Constraints for table `02fis_commerce_sale_products`
--
ALTER TABLE `02fis_commerce_sale_products`
	ADD CONSTRAINT `02fis_commerce_sale_products_productId_fk` FOREIGN KEY (`productId`) REFERENCES `02fis_commerce_products` (`id`) ON DELETE CASCADE ON UPDATE CASCADE,
	ADD CONSTRAINT `02fis_commerce_sale_products_saleId_fk` FOREIGN KEY (`saleId`) REFERENCES `02fis_commerce_sales` (`id`) ON DELETE CASCADE ON UPDATE CASCADE;

--
-- Constraints for table `02fis_commerce_sale_producttypes`
--
ALTER TABLE `02fis_commerce_sale_producttypes`
	ADD CONSTRAINT `02fis_commerce_sale_producttypes_productTypeId_fk` FOREIGN KEY (`productTypeId`) REFERENCES `02fis_commerce_producttypes` (`id`) ON DELETE CASCADE ON UPDATE CASCADE,
	ADD CONSTRAINT `02fis_commerce_sale_producttypes_saleId_fk` FOREIGN KEY (`saleId`) REFERENCES `02fis_commerce_sales` (`id`) ON DELETE CASCADE ON UPDATE CASCADE;

--
-- Constraints for table `02fis_commerce_sale_usergroups`
--
ALTER TABLE `02fis_commerce_sale_usergroups`
	ADD CONSTRAINT `02fis_commerce_sale_usergroups_saleId_fk` FOREIGN KEY (`saleId`) REFERENCES `02fis_commerce_sales` (`id`) ON DELETE CASCADE ON UPDATE CASCADE,
	ADD CONSTRAINT `02fis_commerce_sale_usergroups_userGroupId_fk` FOREIGN KEY (`userGroupId`) REFERENCES `02fis_usergroups` (`id`) ON DELETE CASCADE ON UPDATE CASCADE;

--
-- Constraints for table `02fis_commerce_shippingrule_categories`
--
ALTER TABLE `02fis_commerce_shippingrule_categories`
	ADD CONSTRAINT `02fis_commerce_shippingrule_categories_shippingCategoryId_fk` FOREIGN KEY (`shippingCategoryId`) REFERENCES `02fis_commerce_shippingcategories` (`id`) ON DELETE CASCADE,
	ADD CONSTRAINT `02fis_commerce_shippingrule_categories_shippingRuleId_fk` FOREIGN KEY (`shippingRuleId`) REFERENCES `02fis_commerce_shippingrules` (`id`) ON DELETE CASCADE;

--
-- Constraints for table `02fis_commerce_shippingrules`
--
ALTER TABLE `02fis_commerce_shippingrules`
	ADD CONSTRAINT `02fis_commerce_shippingrules_methodId_fk` FOREIGN KEY (`methodId`) REFERENCES `02fis_commerce_shippingmethods` (`id`),
	ADD CONSTRAINT `02fis_commerce_shippingrules_shippingZoneId_fk` FOREIGN KEY (`shippingZoneId`) REFERENCES `02fis_commerce_shippingzones` (`id`) ON DELETE SET NULL;

--
-- Constraints for table `02fis_commerce_shippingzone_countries`
--
ALTER TABLE `02fis_commerce_shippingzone_countries`
	ADD CONSTRAINT `02fis_commerce_shippingzone_countries_countryId_fk` FOREIGN KEY (`countryId`) REFERENCES `02fis_commerce_countries` (`id`) ON DELETE CASCADE ON UPDATE CASCADE,
	ADD CONSTRAINT `02fis_commerce_shippingzone_countries_shippingZoneId_fk` FOREIGN KEY (`shippingZoneId`) REFERENCES `02fis_commerce_shippingzones` (`id`) ON DELETE CASCADE ON UPDATE CASCADE;

--
-- Constraints for table `02fis_commerce_shippingzone_states`
--
ALTER TABLE `02fis_commerce_shippingzone_states`
	ADD CONSTRAINT `02fis_commerce_shippingzone_states_shippingZoneId_fk` FOREIGN KEY (`shippingZoneId`) REFERENCES `02fis_commerce_shippingzones` (`id`) ON DELETE CASCADE ON UPDATE CASCADE,
	ADD CONSTRAINT `02fis_commerce_shippingzone_states_stateId_fk` FOREIGN KEY (`stateId`) REFERENCES `02fis_commerce_states` (`id`) ON DELETE CASCADE ON UPDATE CASCADE;

--
-- Constraints for table `02fis_commerce_states`
--
ALTER TABLE `02fis_commerce_states`
	ADD CONSTRAINT `02fis_commerce_states_countryId_fk` FOREIGN KEY (`countryId`) REFERENCES `02fis_commerce_countries` (`id`) ON DELETE CASCADE ON UPDATE CASCADE;

--
-- Constraints for table `02fis_commerce_taxrates`
--
ALTER TABLE `02fis_commerce_taxrates`
	ADD CONSTRAINT `02fis_commerce_taxrates_taxCategoryId_fk` FOREIGN KEY (`taxCategoryId`) REFERENCES `02fis_commerce_taxcategories` (`id`) ON UPDATE CASCADE,
	ADD CONSTRAINT `02fis_commerce_taxrates_taxZoneId_fk` FOREIGN KEY (`taxZoneId`) REFERENCES `02fis_commerce_taxzones` (`id`) ON UPDATE CASCADE;

--
-- Constraints for table `02fis_commerce_taxzone_countries`
--
ALTER TABLE `02fis_commerce_taxzone_countries`
	ADD CONSTRAINT `02fis_commerce_taxzone_countries_countryId_fk` FOREIGN KEY (`countryId`) REFERENCES `02fis_commerce_countries` (`id`) ON DELETE CASCADE ON UPDATE CASCADE,
	ADD CONSTRAINT `02fis_commerce_taxzone_countries_taxZoneId_fk` FOREIGN KEY (`taxZoneId`) REFERENCES `02fis_commerce_taxzones` (`id`) ON DELETE CASCADE ON UPDATE CASCADE;

--
-- Constraints for table `02fis_commerce_taxzone_states`
--
ALTER TABLE `02fis_commerce_taxzone_states`
	ADD CONSTRAINT `02fis_commerce_taxzone_states_stateId_fk` FOREIGN KEY (`stateId`) REFERENCES `02fis_commerce_states` (`id`) ON DELETE CASCADE ON UPDATE CASCADE,
	ADD CONSTRAINT `02fis_commerce_taxzone_states_taxZoneId_fk` FOREIGN KEY (`taxZoneId`) REFERENCES `02fis_commerce_taxzones` (`id`) ON DELETE CASCADE ON UPDATE CASCADE;

--
-- Constraints for table `02fis_commerce_transactions`
--
ALTER TABLE `02fis_commerce_transactions`
	ADD CONSTRAINT `02fis_commerce_transactions_orderId_fk` FOREIGN KEY (`orderId`) REFERENCES `02fis_commerce_orders` (`id`) ON DELETE CASCADE,
	ADD CONSTRAINT `02fis_commerce_transactions_parentId_fk` FOREIGN KEY (`parentId`) REFERENCES `02fis_commerce_transactions` (`id`) ON DELETE CASCADE ON UPDATE CASCADE,
	ADD CONSTRAINT `02fis_commerce_transactions_paymentMethodId_fk` FOREIGN KEY (`paymentMethodId`) REFERENCES `02fis_commerce_paymentmethods` (`id`) ON UPDATE CASCADE,
	ADD CONSTRAINT `02fis_commerce_transactions_userId_fk` FOREIGN KEY (`userId`) REFERENCES `02fis_users` (`id`) ON DELETE SET NULL;

--
-- Constraints for table `02fis_commerce_variants`
--
ALTER TABLE `02fis_commerce_variants`
	ADD CONSTRAINT `02fis_commerce_variants_id_fk` FOREIGN KEY (`id`) REFERENCES `02fis_elements` (`id`) ON DELETE CASCADE,
	ADD CONSTRAINT `02fis_commerce_variants_productId_fk` FOREIGN KEY (`productId`) REFERENCES `02fis_commerce_products` (`id`) ON DELETE SET NULL ON UPDATE CASCADE;

--
-- Constraints for table `02fis_content`
--
ALTER TABLE `02fis_content`
	ADD CONSTRAINT `02fis_content_elementId_fk` FOREIGN KEY (`elementId`) REFERENCES `02fis_elements` (`id`) ON DELETE CASCADE,
	ADD CONSTRAINT `02fis_content_locale_fk` FOREIGN KEY (`locale`) REFERENCES `02fis_locales` (`locale`) ON DELETE CASCADE ON UPDATE CASCADE;

--
-- Constraints for table `02fis_elements_i18n`
--
ALTER TABLE `02fis_elements_i18n`
	ADD CONSTRAINT `02fis_elements_i18n_elementId_fk` FOREIGN KEY (`elementId`) REFERENCES `02fis_elements` (`id`) ON DELETE CASCADE,
	ADD CONSTRAINT `02fis_elements_i18n_locale_fk` FOREIGN KEY (`locale`) REFERENCES `02fis_locales` (`locale`) ON DELETE CASCADE ON UPDATE CASCADE;

--
-- Constraints for table `02fis_emailmessages`
--
ALTER TABLE `02fis_emailmessages`
	ADD CONSTRAINT `02fis_emailmessages_locale_fk` FOREIGN KEY (`locale`) REFERENCES `02fis_locales` (`locale`) ON DELETE CASCADE ON UPDATE CASCADE;

--
-- Constraints for table `02fis_entries`
--
ALTER TABLE `02fis_entries`
	ADD CONSTRAINT `02fis_entries_authorId_fk` FOREIGN KEY (`authorId`) REFERENCES `02fis_users` (`id`) ON DELETE CASCADE,
	ADD CONSTRAINT `02fis_entries_id_fk` FOREIGN KEY (`id`) REFERENCES `02fis_elements` (`id`) ON DELETE CASCADE,
	ADD CONSTRAINT `02fis_entries_sectionId_fk` FOREIGN KEY (`sectionId`) REFERENCES `02fis_sections` (`id`) ON DELETE CASCADE,
	ADD CONSTRAINT `02fis_entries_typeId_fk` FOREIGN KEY (`typeId`) REFERENCES `02fis_entrytypes` (`id`) ON DELETE CASCADE;

--
-- Constraints for table `02fis_entrydrafts`
--
ALTER TABLE `02fis_entrydrafts`
	ADD CONSTRAINT `02fis_entrydrafts_creatorId_fk` FOREIGN KEY (`creatorId`) REFERENCES `02fis_users` (`id`) ON DELETE CASCADE,
	ADD CONSTRAINT `02fis_entrydrafts_entryId_fk` FOREIGN KEY (`entryId`) REFERENCES `02fis_entries` (`id`) ON DELETE CASCADE,
	ADD CONSTRAINT `02fis_entrydrafts_locale_fk` FOREIGN KEY (`locale`) REFERENCES `02fis_locales` (`locale`) ON DELETE CASCADE ON UPDATE CASCADE,
	ADD CONSTRAINT `02fis_entrydrafts_sectionId_fk` FOREIGN KEY (`sectionId`) REFERENCES `02fis_sections` (`id`) ON DELETE CASCADE;

--
-- Constraints for table `02fis_entrytypes`
--
ALTER TABLE `02fis_entrytypes`
	ADD CONSTRAINT `02fis_entrytypes_fieldLayoutId_fk` FOREIGN KEY (`fieldLayoutId`) REFERENCES `02fis_fieldlayouts` (`id`) ON DELETE SET NULL,
	ADD CONSTRAINT `02fis_entrytypes_sectionId_fk` FOREIGN KEY (`sectionId`) REFERENCES `02fis_sections` (`id`) ON DELETE CASCADE;

--
-- Constraints for table `02fis_entryversions`
--
ALTER TABLE `02fis_entryversions`
	ADD CONSTRAINT `02fis_entryversions_creatorId_fk` FOREIGN KEY (`creatorId`) REFERENCES `02fis_users` (`id`) ON DELETE SET NULL,
	ADD CONSTRAINT `02fis_entryversions_entryId_fk` FOREIGN KEY (`entryId`) REFERENCES `02fis_entries` (`id`) ON DELETE CASCADE,
	ADD CONSTRAINT `02fis_entryversions_locale_fk` FOREIGN KEY (`locale`) REFERENCES `02fis_locales` (`locale`) ON DELETE CASCADE ON UPDATE CASCADE,
	ADD CONSTRAINT `02fis_entryversions_sectionId_fk` FOREIGN KEY (`sectionId`) REFERENCES `02fis_sections` (`id`) ON DELETE CASCADE;

--
-- Constraints for table `02fis_fieldlayoutfields`
--
ALTER TABLE `02fis_fieldlayoutfields`
	ADD CONSTRAINT `02fis_fieldlayoutfields_fieldId_fk` FOREIGN KEY (`fieldId`) REFERENCES `02fis_fields` (`id`) ON DELETE CASCADE,
	ADD CONSTRAINT `02fis_fieldlayoutfields_layoutId_fk` FOREIGN KEY (`layoutId`) REFERENCES `02fis_fieldlayouts` (`id`) ON DELETE CASCADE,
	ADD CONSTRAINT `02fis_fieldlayoutfields_tabId_fk` FOREIGN KEY (`tabId`) REFERENCES `02fis_fieldlayouttabs` (`id`) ON DELETE CASCADE;

--
-- Constraints for table `02fis_fieldlayouttabs`
--
ALTER TABLE `02fis_fieldlayouttabs`
	ADD CONSTRAINT `02fis_fieldlayouttabs_layoutId_fk` FOREIGN KEY (`layoutId`) REFERENCES `02fis_fieldlayouts` (`id`) ON DELETE CASCADE;

--
-- Constraints for table `02fis_fields`
--
ALTER TABLE `02fis_fields`
	ADD CONSTRAINT `02fis_fields_groupId_fk` FOREIGN KEY (`groupId`) REFERENCES `02fis_fieldgroups` (`id`) ON DELETE CASCADE;

--
-- Constraints for table `02fis_globalsets`
--
ALTER TABLE `02fis_globalsets`
	ADD CONSTRAINT `02fis_globalsets_fieldLayoutId_fk` FOREIGN KEY (`fieldLayoutId`) REFERENCES `02fis_fieldlayouts` (`id`) ON DELETE SET NULL,
	ADD CONSTRAINT `02fis_globalsets_id_fk` FOREIGN KEY (`id`) REFERENCES `02fis_elements` (`id`) ON DELETE CASCADE;

--
-- Constraints for table `02fis_matrixblocks`
--
ALTER TABLE `02fis_matrixblocks`
	ADD CONSTRAINT `02fis_matrixblocks_fieldId_fk` FOREIGN KEY (`fieldId`) REFERENCES `02fis_fields` (`id`) ON DELETE CASCADE,
	ADD CONSTRAINT `02fis_matrixblocks_id_fk` FOREIGN KEY (`id`) REFERENCES `02fis_elements` (`id`) ON DELETE CASCADE,
	ADD CONSTRAINT `02fis_matrixblocks_ownerId_fk` FOREIGN KEY (`ownerId`) REFERENCES `02fis_elements` (`id`) ON DELETE CASCADE,
	ADD CONSTRAINT `02fis_matrixblocks_ownerLocale_fk` FOREIGN KEY (`ownerLocale`) REFERENCES `02fis_locales` (`locale`) ON DELETE CASCADE ON UPDATE CASCADE,
	ADD CONSTRAINT `02fis_matrixblocks_typeId_fk` FOREIGN KEY (`typeId`) REFERENCES `02fis_matrixblocktypes` (`id`) ON DELETE CASCADE;

--
-- Constraints for table `02fis_matrixblocktypes`
--
ALTER TABLE `02fis_matrixblocktypes`
	ADD CONSTRAINT `02fis_matrixblocktypes_fieldId_fk` FOREIGN KEY (`fieldId`) REFERENCES `02fis_fields` (`id`) ON DELETE CASCADE,
	ADD CONSTRAINT `02fis_matrixblocktypes_fieldLayoutId_fk` FOREIGN KEY (`fieldLayoutId`) REFERENCES `02fis_fieldlayouts` (`id`) ON DELETE SET NULL;

--
-- Constraints for table `02fis_migrations`
--
ALTER TABLE `02fis_migrations`
	ADD CONSTRAINT `02fis_migrations_pluginId_fk` FOREIGN KEY (`pluginId`) REFERENCES `02fis_plugins` (`id`) ON DELETE CASCADE;

--
-- Constraints for table `02fis_relations`
--
ALTER TABLE `02fis_relations`
	ADD CONSTRAINT `02fis_relations_fieldId_fk` FOREIGN KEY (`fieldId`) REFERENCES `02fis_fields` (`id`) ON DELETE CASCADE,
	ADD CONSTRAINT `02fis_relations_sourceId_fk` FOREIGN KEY (`sourceId`) REFERENCES `02fis_elements` (`id`) ON DELETE CASCADE,
	ADD CONSTRAINT `02fis_relations_sourceLocale_fk` FOREIGN KEY (`sourceLocale`) REFERENCES `02fis_locales` (`locale`) ON DELETE CASCADE ON UPDATE CASCADE,
	ADD CONSTRAINT `02fis_relations_targetId_fk` FOREIGN KEY (`targetId`) REFERENCES `02fis_elements` (`id`) ON DELETE CASCADE;

--
-- Constraints for table `02fis_routes`
--
ALTER TABLE `02fis_routes`
	ADD CONSTRAINT `02fis_routes_locale_fk` FOREIGN KEY (`locale`) REFERENCES `02fis_locales` (`locale`) ON DELETE CASCADE ON UPDATE CASCADE;

--
-- Constraints for table `02fis_sections`
--
ALTER TABLE `02fis_sections`
	ADD CONSTRAINT `02fis_sections_structureId_fk` FOREIGN KEY (`structureId`) REFERENCES `02fis_structures` (`id`) ON DELETE SET NULL;

--
-- Constraints for table `02fis_sections_i18n`
--
ALTER TABLE `02fis_sections_i18n`
	ADD CONSTRAINT `02fis_sections_i18n_locale_fk` FOREIGN KEY (`locale`) REFERENCES `02fis_locales` (`locale`) ON DELETE CASCADE ON UPDATE CASCADE,
	ADD CONSTRAINT `02fis_sections_i18n_sectionId_fk` FOREIGN KEY (`sectionId`) REFERENCES `02fis_sections` (`id`) ON DELETE CASCADE;

--
-- Constraints for table `02fis_sessions`
--
ALTER TABLE `02fis_sessions`
	ADD CONSTRAINT `02fis_sessions_userId_fk` FOREIGN KEY (`userId`) REFERENCES `02fis_users` (`id`) ON DELETE CASCADE;

--
-- Constraints for table `02fis_shunnedmessages`
--
ALTER TABLE `02fis_shunnedmessages`
	ADD CONSTRAINT `02fis_shunnedmessages_userId_fk` FOREIGN KEY (`userId`) REFERENCES `02fis_users` (`id`) ON DELETE CASCADE;

--
-- Constraints for table `02fis_structureelements`
--
ALTER TABLE `02fis_structureelements`
	ADD CONSTRAINT `02fis_structureelements_elementId_fk` FOREIGN KEY (`elementId`) REFERENCES `02fis_elements` (`id`) ON DELETE CASCADE,
	ADD CONSTRAINT `02fis_structureelements_structureId_fk` FOREIGN KEY (`structureId`) REFERENCES `02fis_structures` (`id`) ON DELETE CASCADE;

--
-- Constraints for table `02fis_taggroups`
--
ALTER TABLE `02fis_taggroups`
	ADD CONSTRAINT `02fis_taggroups_fieldLayoutId_fk` FOREIGN KEY (`fieldLayoutId`) REFERENCES `02fis_fieldlayouts` (`id`) ON DELETE SET NULL;

--
-- Constraints for table `02fis_tags`
--
ALTER TABLE `02fis_tags`
	ADD CONSTRAINT `02fis_tags_groupId_fk` FOREIGN KEY (`groupId`) REFERENCES `02fis_taggroups` (`id`) ON DELETE CASCADE,
	ADD CONSTRAINT `02fis_tags_id_fk` FOREIGN KEY (`id`) REFERENCES `02fis_elements` (`id`) ON DELETE CASCADE;

--
-- Constraints for table `02fis_templatecachecriteria`
--
ALTER TABLE `02fis_templatecachecriteria`
	ADD CONSTRAINT `02fis_templatecachecriteria_cacheId_fk` FOREIGN KEY (`cacheId`) REFERENCES `02fis_templatecaches` (`id`) ON DELETE CASCADE;

--
-- Constraints for table `02fis_templatecacheelements`
--
ALTER TABLE `02fis_templatecacheelements`
	ADD CONSTRAINT `02fis_templatecacheelements_cacheId_fk` FOREIGN KEY (`cacheId`) REFERENCES `02fis_templatecaches` (`id`) ON DELETE CASCADE,
	ADD CONSTRAINT `02fis_templatecacheelements_elementId_fk` FOREIGN KEY (`elementId`) REFERENCES `02fis_elements` (`id`) ON DELETE CASCADE;

--
-- Constraints for table `02fis_templatecaches`
--
ALTER TABLE `02fis_templatecaches`
	ADD CONSTRAINT `02fis_templatecaches_locale_fk` FOREIGN KEY (`locale`) REFERENCES `02fis_locales` (`locale`) ON DELETE CASCADE ON UPDATE CASCADE;

--
-- Constraints for table `02fis_usergroups_users`
--
ALTER TABLE `02fis_usergroups_users`
	ADD CONSTRAINT `02fis_usergroups_users_groupId_fk` FOREIGN KEY (`groupId`) REFERENCES `02fis_usergroups` (`id`) ON DELETE CASCADE,
	ADD CONSTRAINT `02fis_usergroups_users_userId_fk` FOREIGN KEY (`userId`) REFERENCES `02fis_users` (`id`) ON DELETE CASCADE;

--
-- Constraints for table `02fis_userpermissions_usergroups`
--
ALTER TABLE `02fis_userpermissions_usergroups`
	ADD CONSTRAINT `02fis_userpermissions_usergroups_groupId_fk` FOREIGN KEY (`groupId`) REFERENCES `02fis_usergroups` (`id`) ON DELETE CASCADE,
	ADD CONSTRAINT `02fis_userpermissions_usergroups_permissionId_fk` FOREIGN KEY (`permissionId`) REFERENCES `02fis_userpermissions` (`id`) ON DELETE CASCADE;

--
-- Constraints for table `02fis_userpermissions_users`
--
ALTER TABLE `02fis_userpermissions_users`
	ADD CONSTRAINT `02fis_userpermissions_users_permissionId_fk` FOREIGN KEY (`permissionId`) REFERENCES `02fis_userpermissions` (`id`) ON DELETE CASCADE,
	ADD CONSTRAINT `02fis_userpermissions_users_userId_fk` FOREIGN KEY (`userId`) REFERENCES `02fis_users` (`id`) ON DELETE CASCADE;

--
-- Constraints for table `02fis_users`
--
ALTER TABLE `02fis_users`
	ADD CONSTRAINT `02fis_users_id_fk` FOREIGN KEY (`id`) REFERENCES `02fis_elements` (`id`) ON DELETE CASCADE,
	ADD CONSTRAINT `02fis_users_preferredLocale_fk` FOREIGN KEY (`preferredLocale`) REFERENCES `02fis_locales` (`locale`) ON DELETE SET NULL ON UPDATE CASCADE;

--
-- Constraints for table `02fis_widgets`
--
ALTER TABLE `02fis_widgets`
	ADD CONSTRAINT `02fis_widgets_userId_fk` FOREIGN KEY (`userId`) REFERENCES `02fis_users` (`id`) ON DELETE CASCADE;

SET FOREIGN_KEY_CHECKS = 1;
